query,clicks,impressions,ctr,position
articulate kids,51,422,12.09,2.2
should an 18 month old be talking,34,451,7.54,2.4
18 month old not talking,29,954,3.04,7.8
baby not talking at 18 months,17,367,4.63,8.5
child not talking at 18 months,11,91,12.09,3.7
nervous system mapping worksheet,11,118,9.32,5.7
should 18 month old be talking,10,283,3.53,2.8
hulya mehmet,9,79,11.39,4.9
should my 18 month old be talking,9,324,2.78,2.0
18 month not talking,8,123,6.5,4.1
should a 18 month old be talking,8,174,4.6,2.3
when do children start talking,8,2274,0.35,6.4
no words at 18 months,7,125,5.6,6.3
private speech and language therapy near me,7,42,16.67,4.3
how much should an 18 month old be talking,6,156,3.85,4.9
my 18 month old doesnt talk,6,82,7.32,4.9
no words 18 months,6,46,13.04,6.0
what age do kids start talking,6,1340,0.45,8.4
when do kids start talking,6,1724,0.35,8.5
when should a child start talking,6,1026,0.58,7.8
16 month old not talking but understands,5,198,2.53,8.9
18 month old no words,5,123,4.07,6.7
18 month old not speaking,5,88,5.68,3.5
18 month old not talking but understands,5,389,1.29,8.3
18 months not talking,5,150,3.33,6.2
at what age should a child start talking,5,519,0.96,8.4
my 18 month old isn't talking,5,95,5.26,4.7
my calm plan,5,57,8.77,4.0
when do toddlers start talking,5,560,0.89,8.0
18 month old talking,4,128,3.12,5.5
19 month old not talking but understands everything,4,288,1.39,9.0
baby not speaking at 18 months,4,89,4.49,4.1
child not speaking at 18 months,4,53,7.55,3.4
late talkers,4,198,2.02,9.3
non verbal 18 month old,4,52,7.69,5.6
should a baby be talking at 18 months,4,69,5.8,3.2
should a child be talking at 18 months,4,30,13.33,1.4
should babies be talking at 18 months,4,52,7.69,2.0
speech and language therapy,4,88,4.55,4.9
what age do children start talking,4,1595,0.25,8.1
what should an 18 month old be saying,4,108,3.7,5.4
when should my child start talking,4,275,1.45,8.9
why is my 18-month old not talking but understands everything,4,1042,0.38,8.6
18 month old doesn't talk,3,70,4.29,5.8
18 month old still not talking,3,70,4.29,4.9
18 months no words,3,65,4.62,7.2
18 months old not talking,3,69,4.35,5.2
18month old not talking,3,58,5.17,4.2
at 18 months should a baby be talking,3,30,10.0,1.7
do babies talk at 18 months,3,23,13.04,2.7
free speech therapy for kids,3,52,5.77,13.2
is it normal for my 18 month old to not talk,3,37,8.11,5.7
my 18 month old isn't talking yet,3,72,4.17,3.5
my baby is 18 months and not talking,3,71,4.23,4.9
not talking at 18 months,3,106,2.83,6.3
phonological memory,3,701,0.43,7.9
should my baby be talking at 18 months,3,52,5.77,2.6
speech and language therapist,3,101,2.97,40.3
verbal dyspraxia,3,769,0.39,12.0
what food is good for speech delay,3,229,1.31,8.7
what should 18 month old be saying,3,48,6.25,4.5
when should babies start talking,3,166,1.81,6.0
why is my 18 month old not talking,3,92,3.26,6.3
18 month old understands but doesn't talk,2,26,7.69,7.1
18 month old words,2,44,4.55,7.9
18 months old and not talking,2,28,7.14,7.6
18 months old baby not talking,2,13,15.38,3.5
18 months speech,2,45,4.44,9.6
age children start talking,2,145,1.38,8.2
articulate speech therapy,2,28,7.14,2.2
at what age do children start talking,2,499,0.4,8.4
baby 18 months not talking,2,31,6.45,5.1
baby not talking 18 months,2,17,11.76,3.1
calm plan,2,95,2.11,6.8
calm plan template,2,36,5.56,6.8
child 18 months not talking,2,14,14.29,1.9
food for speech delay,2,60,3.33,7.2
how much should 18 month old talk,2,56,3.57,5.6
how much talking at 18 months,2,17,11.76,4.1
kid not talking at 18 months,2,14,14.29,2.8
my 18 month old doesn't say words,2,10,20.0,2.1
my 18 month old doesn't talk,2,128,1.56,13.4
my 18 month old is not talking,2,169,1.18,5.3
my baby is 1.5 year old doesn t talk,2,8,25.0,8.6
my son is 18 months and not talking,2,58,3.45,4.9
neurodivergent potty training,2,21,9.52,3.1
phonological memory and dyslexia,2,46,4.35,10.2
phonological working memory,2,128,1.56,8.9
potty training adhd,2,23,8.7,9.7
potty training neurodivergent child,2,196,1.02,9.1
private speech and language therapy for child near me,2,10,20.0,4.5
should a toddler be talking at 18 months,2,10,20.0,1
speech and language therapist near me,2,18,11.11,10.6
speech and language therapy near me,2,15,13.33,5.5
speech delay red flags,2,21,9.52,5.6
speech regression 18 months,2,76,2.63,6.5
speech therapist for kids,2,55,3.64,16.8
speech therapy for kids near me,2,7,28.57,3.6
speech therapy near me,2,57,3.51,9.8
talking at 18 months old,2,16,12.5,6.1
toddler not speaking at 18 months,2,35,5.71,3.1
toddler not talking 18 months,2,9,22.22,3.6
verbal dyspraxia symptoms,2,289,0.69,9.6
very active toddler not talking,2,399,0.5,9.0
what age do kids talk,2,199,1.01,8.8
what age should a child start talking,2,411,0.49,9.0
what should my 18 month old be saying,2,61,3.28,5.2
when should a baby start talking,2,518,0.39,10.5
when should child start talking,2,63,3.17,7.2
when should kids start talking,2,333,0.6,7.5
why is my 18 month old not talking but understands everything,2,112,1.79,8.8
why is my 20 month old not talking but understands everything,2,185,1.08,7.8
words at 18 months,2,90,2.22,8.3
yes,2,16,12.5,4.4
15 month old not talking but understands,1,40,2.5,9.3
16 months how many words,1,2,50.0,3.5
17 month old no words,1,9,11.11,5.6
17 month old not talking,1,365,0.27,12.3
17 month old not talking but understands,1,14,7.14,7
18 month doesn't talk,1,9,11.11,2.8
18 month old babbles but no words,1,56,1.79,6.7
18 month old baby not talking,1,36,2.78,7.3
18 month old barely talking,1,13,7.69,2.5
18 month old boy not talking,1,31,3.23,4.7
18 month old boy not talking yet,1,29,3.45,6.2
18 month old doesn t talk,1,18,5.56,6.8
18 month old doesn t talk but understands,1,6,16.67,6.7
18 month old doesn't say any words,1,29,3.45,5.6
18 month old doesnt talk much,1,1,100,1
18 month old milestones red flags,1,35,2.86,11.3
18 month old non verbal,1,22,4.55,4.3
18 month old not really talking,1,3,33.33,1
18 month old not saying many words,1,78,1.28,6.6
18 month old not saying words,1,48,2.08,5.3
18 month old not talking but understands everything,1,92,1.09,7.8
18 month old not talking just babbling,1,226,0.44,12.8
18 month old not walking or talking,1,20,5.0,22.9
18 month old only saying a few words,1,23,4.35,7.6
18 month old only says 5 words,1,3,33.33,6.3
18 month old speech,1,283,0.35,11.8
18 month old understands everything but doesn't talk,1,100,1.0,7.6
18 month old.not talking,1,12,8.33,3.6
18 month speech delay,1,19,5.26,13.7
18 months and not talking,1,49,2.04,5.8
18 months and still not talking,1,10,10.0,6.7
18 months not saying words,1,17,5.88,2.5
19 month old not talking,1,321,0.31,16.7
2 year old not talking uk,1,9,11.11,6.4
a 12 year old,1,1,100,4
adhd and language delay,1,12,8.33,7.6
adhd and language development,1,6,16.67,17
adhd and speech,1,69,1.45,14.3
adhd and speech delay,1,222,0.45,10.4
adhd and speech therapy,1,133,0.75,24.9
adhd and toileting issues,1,44,2.27,9.0
adhd potty training,1,86,1.16,9.1
adhd potty training regression,1,36,2.78,7.4
adhd speech therapy,1,52,1.92,13.9
adhd toilet issues,1,84,1.19,8.8
adhd toilet training,1,53,1.89,11.2
age kids start talking,1,74,1.35,8.1
articulation training for kids,1,19,5.26,8.5
articulation training speech therapy,1,1,100,13
at what age do children speak,1,51,1.96,9.7
at what age do children start to talk,1,62,1.61,5.8
at what age do toddlers start talking,1,68,1.47,11.6
at what age do toddlers start talking clearly,1,5,20.0,7.6
at what age does a child start talking,1,392,0.26,8.5
at what age does a child talk,1,20,5.0,7.8
at what age does children start talking,1,29,3.45,8.1
at what age should a child speech be clear,1,1,100,11
at what age should a child start speaking,1,29,3.45,8
at what age should a child talk,1,31,3.23,7.8
at what age should babies start talking,1,28,3.57,18.7
at what age should children start talking,1,133,0.75,9.7
at what age should children talk,1,9,11.11,5.7
at what age should i be worried about my child's speech,1,18,5.56,8.6
at which age children start talking,1,14,7.14,8.9
at which age do children start talking,1,6,16.67,8.3
average age baby starts talking,1,18,5.56,7.8
average age kids start talking,1,73,1.37,9.7
average age to start speaking,1,52,1.92,7.7
average age to start talking,1,236,0.42,10.5
baby not saying words at 18 months,1,22,4.55,3.1
baby not talking by 18 months,1,1,100,5
baby speech 18 months,1,16,6.25,9.3
baby speech at 18 months,1,23,4.35,9.5
baby understands but doesn't speak,1,7,14.29,9.9
best food for speech development,1,33,3.03,9.3
bromley speech and language therapy,1,69,1.45,6.0
can 18 month olds talk,1,78,1.28,5.0
can 18 months old talk,1,58,1.72,7.0
child not saying words at 18 months,1,25,4.0,2.9
child not talking at 20 months,1,5,20.0,7.4
child talking age,1,145,0.69,8.2
children speaking age,1,73,1.37,6.8
children talking age,1,88,1.14,7.4
do 18 month olds talk,1,45,2.22,5.0
does speech delay mean low intelligence,1,1,100,3
dyslexia and working memory,1,158,0.63,10.4
dyslexia and working memory difficulties,1,33,3.03,7.7
dyslexia memory problems,1,41,2.44,11
dyslexia working memory processing speed,1,24,4.17,14.4
dyspraxia of speech,1,91,1.1,11.8
early intervention for developmental delay,1,1,100,1
einstein started talking at what age,1,4,25.0,2
explain why children and young people may communicate distress through behaviour rather than verbally,1,40,2.5,10.6
how late can a child start talking,1,9,11.11,12.1
how much should an 18 month old talk,1,43,2.33,10.3
how old baby start talking,1,27,3.7,9.6
how old should a kid start talking,1,21,4.76,8.0
how old was einstein when he started talking,1,2,50.0,2.5
how to encourage 18 month old to talk,1,5,20.0,1.4
how to help a late talker,1,3,33.33,10.7
is it normal for a 20 month old to not talk,1,3,33.33,9.7
is it normal for an 18 month old to not talk,1,35,2.86,5.7
late pointing toddlers,1,33,3.03,4.8
late speakers,1,18,5.56,7.4
late talker,1,129,0.78,16.3
late talker toddler,1,69,1.45,16.0
late talker vs autism,1,94,1.06,8.5
late talkers age,1,40,2.5,8.6
late talkers autism,1,7,14.29,12.9
late talkers intelligence,1,11,9.09,12.6
late talkers vs autism,1,23,4.35,14.1
late talking boys,1,6,16.67,4.3
late talking children,1,46,2.17,12.7
london speech therapy,1,58,1.72,45.2
meltdown child,1,6,16.67,11
memory dyslexia,1,129,0.78,9.8
milestones for 20 month old boy,1,2,50.0,3
my 18 month old doesn t talk,1,7,14.29,5.3
my 18 month old is not talking yet,1,18,5.56,3.6
my 18 month old not talking,1,46,2.17,5.2
my 18 month old understands everything but doesn't talk,1,22,4.55,6
my 18 months old doesn't talk,1,46,2.17,8.2
my 18month old is not talking,1,62,1.61,4.3
my baby 18 months not talking,1,27,3.7,4.5
my child is 18 months and not talking,1,47,2.13,6.1
my son understands everything but doesn t talk,1,3,33.33,8
nervous system mapping,1,1,100,24
nervous system regulation for kids,1,10,10.0,11.1
no words,1,1,100,4
normal age for a child to start talking,1,36,2.78,7.4
normal speech for 18 month old,1,17,5.88,11.1
not speaking at 18 months,1,36,2.78,6.4
not talking 18 months,1,13,7.69,13.5
not walking or talking at 18 months,1,8,12.5,7.9
pda and toilet training,1,25,4.0,8.8
pda toilet training,1,12,8.33,7.1
phonological memory examples,1,34,2.94,7.3
potty training adhd boys,1,29,3.45,8.0
private speech and language therapy,1,25,4.0,23.7
private speech therapist near me,1,7,14.29,7
private speech therapy for kids near me,1,20,5.0,6.8
private speech therapy for toddlers near me,1,3,33.33,4.3
private speech therapy kent,1,4,25.0,11.5
prompt speech therapy near me,1,2,50.0,5.5
sensory toilet seat autism,1,19,5.26,10.3
should a baby talk at 18 months,1,10,10.0,2
should i be worried if my 18 month old isn't talking,1,28,3.57,4.4
should my 18 month old be saying words,1,10,10.0,1.8
should my child be talking at 18 months,1,54,1.85,2.2
signs of einstein syndrome in toddlers,1,41,2.44,8.9
signs of late talker in toddler,1,30,3.33,4.0
sinais de alerta,1,1,100,6
speaking at 18 months,1,26,3.85,8
speech 18 month old,1,71,1.41,11.4
speech and ot therapy near me,1,1,100,2
speech delay in adhd,1,18,5.56,9.4
speech milestones by age,1,30,3.33,9.2
speech therapist,1,310,0.32,27.2
speech therapist bromley,1,69,1.45,10.9
speech therapist for children near me,1,2,50.0,6.5
speech therapist harley street,1,45,2.22,10.4
speech therapist london,1,50,2.0,48.2
speech therapist near me,1,42,2.38,15.9
speech therapist orpington,1,68,1.47,10.1
speech therapy,1,168,0.6,30.1
speech therapy clinic near me,1,8,12.5,16.5
speech therapy for 5 year old near me,1,2,50.0,2
speech therapy for 7 year old,1,1,100,1
speech therapy for kids,1,188,0.53,17.1
speech therapy for kids cost,1,2,50.0,5.5
speech therapy for kids free,1,10,10.0,9
speech therapy kids near me,1,1,100,1
speech therapy videos for kids,1,193,0.52,7.4
sterling practice beckenham,1,35,2.86,11.6
talking 18 month old,1,21,4.76,7.1
talking age,1,161,0.62,7.3
talking at 18 months,1,51,1.96,6.1
toddler not talking at 18 months,1,112,0.89,7.2
toddler not talking at 19 months,1,14,7.14,13.1
toddler speech therapist near me,1,4,25.0,13.8
toddler speech therapy near me,1,7,14.29,7.6
videos for speech therapy,1,9,11.11,9.7
what age boys start talking,1,12,8.33,8.5
what age do babies start talking,1,218,0.46,29.9
what age do most children start talking,1,35,2.86,8.1
what age do toddlers speak,1,16,6.25,5.6
what age do toddlers talk,1,24,4.17,8.2
what age do you start to talk,1,22,4.55,8.1
what age does a child start talking,1,214,0.47,8.2
what age should a child be speaking,1,23,4.35,3.7
what age should a child speak,1,54,1.85,6
what age should my son start talking,1,26,3.85,7.6
what age should toddlers start talking,1,32,3.12,6.9
what age should you start talking,1,18,5.56,6.4
what age to children start talking,1,167,0.6,8.8
what age to children talk,1,16,6.25,5.4
what causes speech delay in children,1,5,20.0,2.4
what does non verbal child mean,1,1,100,3
what is a late talker,1,9,11.11,17.3
what is phonological memory,1,279,0.36,7.5
what is the average age for a child to start talking,1,40,2.5,6.8
what should a 18 month old be saying,1,41,2.44,3.9
what's the normal age for kids to start talking,1,20,5.0,6.9
when a child start talking,1,45,2.22,7.4
when can children talk,1,36,2.78,5.9
when child should start speaking,1,6,16.67,7.3
when child start speaking,1,54,1.85,7.3
when child start talking,1,37,2.7,8.1
when children start talking,1,90,1.11,8.8
when do children start speaking,1,265,0.38,7.2
when do children start talking properly,1,39,2.56,7.7
when do late talkers start talking,1,25,4.0,5.6
when do most children start talking,1,32,3.12,6.8
when do toddler start talking,1,13,7.69,10.4
when does a child start talking,1,451,0.22,9.1
when should a child be speaking,1,17,5.88,5.1
when should a child speak,1,41,2.44,6.5
when should i worry about it,1,1,100,11
when should kids start saying words,1,2,50.0,8
when should my kid start talking,1,16,6.25,5.8
when should my son start talking,1,29,3.45,11.4
when should toddlers start talking,1,222,0.45,7.6
when to be concerned,1,2,50.0,3.5
why doesnt my 18 month old talk,1,9,11.11,4.7
why is my 18 month old baby not talking,1,49,2.04,5.8
why is my 19 month old not talking,1,21,4.76,10.9
working memory and dyslexia,1,139,0.72,12.3
working memory dyslexia,1,304,0.33,7.8
"""18.monthsc""",0,3,0,1
"""build a table identifying all of the major language developments""",0,1,0,2
"""hayes (1996)"" ""semantic memory"" ""phonological memory"" writing",0,2,0,5
"""hayes 1996"" ""phonological memory"" ""semantic memory""",0,3,0,3
"""hayes"" 1996 ""semantic memory"" ""phonological memory"" writing",0,1,0,10
"""phonological memory"" ""visual/spatial sketchpad"" ""semantic memory"" hayes",0,1,0,3
"""phonological memory"" ""visual/spatial sketchpad"" ""semantic memory"" hayes 1996",0,1,0,5
"""phonological memory"" ""visual/spatial sketchpad"" ""semantic memory"" hayes 1996 writing",0,5,0,2.8
"""the effects of working memory and l2 proficiency on l2 writing""",0,1,0,11
"""tiers in articulatory phonology"" ""perfect memory""",0,1,0,3
"""tiers in articulatory phonology"" perfect memory",0,3,0,3.3
...,0,1,0,10
1 1/2 year old not talking,0,2,0,14.5
1 and a half year old,0,1,0,3
1 and a half year old not talking,0,8,0,2.2
1 and half year baby not speaking,0,1,0,1
1 and half year old not talking,0,2,0,3
1 to 12 months baby development,0,3,0,3.7
1 year 10 months baby development,0,1,0,3
1 year 7 months baby milestones,0,1,0,3
1 year and 6 months baby not talking,0,1,0,1
1 year and 8 months milestones,0,1,0,3
1 year baby milestones,0,1,0,3
1 year health visitor check,0,2,0,4
1 year old,0,2,0,3
1 year old activities,0,1,0,6
1 year old baby not talking yet,0,5,0,15.8
1 year old baby refuses to eat,0,2,0,2
1 year old boy milestones,0,1,0,3
1 year old developmental milestones,0,1,0,4
1 year old diet,0,1,0,4
1 year old food ideas,0,1,0,5
1 year old hitting me in the face,0,1,0,2
1 year old how many words,0,1,0,2
1 year old keeps falling and hitting head,0,1,0,3
1 year old milestones,0,5,0,3
1 year old milestones red flags,0,2,0,3
1 year old not babbling,0,1,0,40
1 year old not crawling or pulling up,0,2,0,3
1 year old not crawling or walking,0,1,0,2
1 year old not eating as much,0,1,0,2
1 year old not interested in food,0,1,0,2
1 year old not sitting up or crawling,0,1,0,3
1 year old not talking,0,12,0,16.4
1 year old not talking but babbling,0,1,0,3
1 year old not talking yet,0,19,0,9.5
1 year old not talking yet what to do,0,10,0,21.4
1 year old not walking,0,1,0,2
1 year old pulling own hair,0,1,0,2
1 year old separation anxiety,0,1,0,2
1 year old sleep schedule,0,1,0,3
1 year old speech checklist,0,1,0,3
1 year old suddenly falling a lot,0,1,0,3
1 year old tapping head with hand,0,1,0,3
1 year old weight in kg,0,1,0,2
1 year sleep regression,0,1,0,3
1 year.old,0,1,0,2
1-year baby milestones checklist,0,1,0,3
1.5 year old developmental milestones,0,1,0,4
1.5 year old not talking,0,17,0,5.8
1.5 year old not talking but understands,0,37,0,10
1.5 year old screaming at night,0,1,0,3
1.5 year old speech milestones,0,1,0,3
10 month old milestones,0,1,0,3
10 year olds,0,1,0,2
11 month baby milestones,0,2,0,3
11 month milestones,0,1,0,3
11 month old baby milestones,0,1,0,3
11 month old doing downward dog,0,1,0,3
11 month old feeding schedule,0,1,0,5
11 month old milestones,0,6,0,3
11 month old not talking,0,1,0,2
11 month old rocking back and forth while sitting,0,1,0,2
11 month old wont eat,0,1,0,3
11 months,0,1,0,3
11 months milestones,0,1,0,3
11 months not crawling or pulling up,0,1,0,3
11 week old baby,0,1,0,4
11 week old baby milestones,0,2,0,3
11 week old baby what to expect,0,1,0,4
11 years old boy,0,1,0,2
12 month baby milestones,0,2,0,4
12 month developmental milestones,0,1,0,6
12 month milestones,0,11,0,3.7
12 month milestones baby,0,3,0,3.3
12 month milestones nhs,0,1,0,5
12 month milestones red flags,0,1,0,3
12 month old awake window,0,1,0,3
12 month old baby milestones,0,1,0,3
12 month old behavior,0,1,0,4
12 month old boy,0,1,0,4
12 month old growth spurt,0,1,0,3
12 month old milestones,0,12,0,3
12 month old not crawling or pulling up,0,2,0,3
12 month old not pointing,0,1,0,3
12 month old not saying mama or dada,0,1,0,3
12 month questionnaire,0,1,0,3
12 month questionnaire nhs,0,1,0,4
12 month review health visitor,0,1,0,4
12 months milestones,0,1,0,3
12 months milestones baby,0,1,0,2
12 months old baby milestones,0,1,0,3
12 week baby,0,1,0,4
12 week baby development,0,1,0,3
12 weeks baby milestones,0,1,0,3
12 weeks newborn baby development,0,1,0,3
12 years old,0,1,0,8
13 month old milestones,0,1,0,3
13 month old not interested in food,0,1,0,2
13 month old not talking but understands,0,3,0,12.7
14 month not talking,0,1,0,4
14 month old boy not talking,0,1,0,17
14 month old developmental milestones,0,2,0,1
14 month old not talking,0,2,0,25.5
14 month old not talking but understands,0,32,0,9.7
14 months old baby milestones,0,1,0,3
14 months old not talking,0,1,0,38
15 hours free childcare for 2 year old apply,0,1,0,5
15 month old babbles but no words,0,1,0,3
15 month old doesn't talk,0,1,0,40
15 month old not talking,0,13,0,11.7
15 month old not talking yet,0,6,0,13.5
15 month old only says mama and dada,0,1,0,3
15 month old pulling own hair,0,1,0,2
15 month old still not talking,0,2,0,6
15 month old understands everything but doesn't talk,0,7,0,7
15 months and not talking,0,2,0,40
15 months milestones,0,1,0,3
15 months old words,0,1,0,2
16 month baby not talking,0,3,0,2.3
16 month not talking,0,9,0,8.6
16 month old babbling but not talking,0,1,0,7
16 month old baby not talking,0,3,0,14
16 month old boy not talking,0,14,0,10.1
16 month old doesn't talk,0,13,0,40.4
16 month old grunts instead of talking,0,1,0,3
16 month old isn't talking,0,1,0,8
16 month old milestones,0,2,0,3
16 month old no words,0,1,0,5
16 month old not eating solids,0,1,0,2
16 month old not talking,0,59,0,21.6
16 month old not talking much,0,2,0,7
16 month old not talking yet,0,2,0,19.5
16 month old not walking or talking,0,1,0,3
16 month old still not talking,0,2,0,13
16 month old throwing food,0,1,0,3
16 month old understands but doesn't talk,0,12,0,8.5
16 months and not talking,0,5,0,21
16 months no words,0,1,0,1
16 months not talking,0,8,0,16.2
16 months not talking yet,0,1,0,27
16 months old not talking,0,14,0,20.9
17 meseci,0,1,0,2
17 month baby milestones,0,1,0,2
17 month baby not talking,0,1,0,3
17 month not talking,0,17,0,9.8
17 month old babbling but no words,0,2,0,10
17 month old baby not talking,0,10,0,9.9
17 month old boy not talking yet,0,10,0,5.9
17 month old boy weight,0,1,0,3
17 month old can walk but prefers to crawl,0,1,0,3
17 month old doesn't talk,0,10,0,8.1
17 month old hitting others,0,2,0,2
17 month old language development,0,1,0,10
17 month old milestones,0,15,0,3.1
17 month old not eating,0,1,0,3
17 month old not eating as much,0,2,0,2.5
17 month old not saying words,0,6,0,10.5
17 month old not talking but understands everything,0,14,0,5.4
17 month old not talking just babbling,0,12,0,9.6
17 month old not talking much,0,8,0,12
17 month old not talking or walking,0,1,0,3
17 month old not walking,0,1,0,2
17 month old not walking or standing independently,0,1,0,3
17 month old not walking or talking,0,1,0,3
17 month old speech,0,2,0,6.5
17 month old speech delay,0,1,0,3
17 month old speech milestones,0,2,0,3
17 month old still not talking,0,9,0,7.4
17 month old understands but doesn't talk,0,7,0,8.7
17 month old wake window,0,1,0,3
17 month old waking up at 3am,0,1,0,3
17 month old whines all time,0,1,0,3
17 month old words,0,1,0,2
17 month regression,0,1,0,3
17 month sleep regression,0,3,0,2.7
17 month speech milestones,0,1,0,2
17 months and not talking,0,6,0,6.8
17 months baby not talking,0,2,0,18
17 months no words,0,4,0,6.2
17 months not talking,0,9,0,10.1
17 months old,0,1,0,4
17 months old and not talking,0,5,0,21.4
17 months old milestones,0,1,0,3
17 months old not talking,0,34,0,15.9
18,0,1,0,1
18 -24 months,0,3,0,10.3
18 meses y no habla,0,1,0,48
18 mo old not talking,0,15,0,9.1
18 monate altes kind spricht nicht,0,1,0,44
18 month,0,10,0,19.3
18 month assessment,0,1,0,3
18 month baby activities,0,1,0,3
18 month baby milestones,0,2,0,3
18 month baby not speaking,0,1,0,10
18 month baby not talking,0,34,0,4.3
18 month baby speech development,0,1,0,13
18 month baby speech milestones,0,2,0,1
18 month baby talking,0,3,0,1
18 month behavior,0,1,0,3
18 month biting,0,2,0,2
18 month check,0,1,0,3
18 month check up,0,1,0,3
18 month checklist,0,1,0,5
18 month crying at night,0,1,0,2
18 month developmental milestones,0,1,0,5
18 month growth spurt,0,2,0,2.5
18 month how many words,0,1,0,3
18 month language,0,27,0,15.6
18 month language development,0,3,0,20
18 month language milestones,0,9,0,10
18 month meal ideas,0,1,0,4
18 month milestones,0,24,0,3.5
18 month milestones checklist,0,1,0,4
18 month milestones language,0,1,0,23
18 month milestones speech,0,5,0,16.2
18 month milestones talking,0,4,0,20.2
18 month milestones uk,0,5,0,5
18 month not walking,0,1,0,3
18 month old,0,7,0,7.6
18 month old activities near me,0,1,0,9
18 month old arching back and crying,0,1,0,3
18 month old babbles a lot but no words,0,28,0,6.5
18 month old babbling,0,30,0,8.4
18 month old babbling but no words,0,56,0,8.4
18 month old babbling but not talking,0,21,0,9
18 month old baby not eating properly,0,1,0,2
18 month old baby speech development,0,3,0,20.3
18 month old baby talking,0,2,0,3.5
18 month old banging head,0,2,0,3
18 month old banging head when mad,0,1,0,3
18 month old bangs head when frustrated,0,1,0,2
18 month old bed time,0,1,0,2
18 month old bedtime,0,1,0,2
18 month old behavior changes,0,1,0,3
18 month old biting,0,1,0,3
18 month old boy,0,1,0,3
18 month old building blocks,0,1,0,2
18 month old can walk but prefers to crawl,0,1,0,3
18 month old climbing everything,0,1,0,3
18 month old clingy,0,1,0,3
18 month old clingy to mum,0,1,0,3
18 month old constantly crying and whining,0,1,0,3
18 month old crying for no reason,0,1,0,2
18 month old delayed speech,0,3,0,16.7
18 month old development,0,1,0,8
18 month old development checklist nhs,0,1,0,4
18 month old developmental milestones,0,2,0,4
18 month old doesn't listen,0,1,0,3
18 month old doesn't respond to name,0,8,0,5
18 month old doesn't say many words,0,20,0,5.6
18 month old doesnt say words,0,1,0,1
18 month old doesnt talk,0,34,0,5.8
18 month old eating less,0,1,0,2
18 month old fussy eater,0,1,0,3
18 month old has a few worda,0,1,0,1
18 month old hits head when frustrated,0,1,0,2
18 month old hitting,0,2,0,3
18 month old hitting and laughing,0,1,0,2
18 month old how many words,0,4,0,2
18 month old isn't talking,0,12,0,2
18 month old language,0,9,0,10.4
18 month old language development,0,30,0,19.3
18 month old makes sounds but not words,0,20,0,6.5
18 month old milestones,0,51,0,3.0
18 month old milestones speech,0,3,0,8.3
18 month old milestones uk,0,1,0,4
18 month old milestones: red flags,0,1,0,28
18 month old nap refusal,0,1,0,3
18 month old night terrors,0,2,0,2.5
18 month old no nap,0,1,0,3
18 month old not chewing food,0,1,0,2
18 month old not eating,0,2,0,2
18 month old not eating solids,0,1,0,2
18 month old not responding to name,0,3,0,2.3
18 month old not saying mama,0,2,0,3
18 month old not sleeping,0,2,0,2.5
18 month old not speaking yet,0,14,0,2.7
18 month old not talking but babbling,0,42,0,6.6
18 month old not talking just babbling autism,0,6,0,9.7
18 month old not talking just babbling reddit,0,6,0,7.3
18 month old not talking much,0,30,0,4.5
18 month old not talking much but understands,0,1,0,10
18 month old not talking or pointing,0,19,0,6.3
18 month old not talking or walking,0,32,0,10.3
18 month old not talking when to worry,0,1,0,6
18 month old not talking yet,0,24,0,3.7
18 month old not walking,0,3,0,2.7
18 month old only babbles,0,4,0,4.5
18 month old only says 3 words,0,1,0,3
18 month old only says a few words,0,18,0,5.9
18 month old picky eating,0,1,0,3
18 month old pushing other kids,0,1,0,3
18 month old red flags,0,6,0,6.5
18 month old refusing to nap,0,1,0,3
18 month old regression,0,1,0,2
18 month old repeating words over and over,0,2,0,2.5
18 month old restless at night,0,1,0,3
18 month old says no to everything,0,1,0,6
18 month old scared of everything,0,1,0,3
18 month old screaming and crying for no reason,0,1,0,2
18 month old screaming at night for no reason,0,1,0,2
18 month old separation anxiety at night,0,1,0,3
18 month old slapping head,0,1,0,2
18 month old sleep,0,3,0,3.7
18 month old sleep regression,0,4,0,2.2
18 month old sleep schedule,0,1,0,3
18 month old sleeping a lot,0,2,0,2.5
18 month old speaking,0,19,0,5.1
18 month old speaking gibberish,0,1,0,61
18 month old speech and language development,0,4,0,23
18 month old speech checklist,0,3,0,2.3
18 month old speech delay,0,35,0,28.4
18 month old speech development,0,8,0,26.8
18 month old speech milestones,0,18,0,13.8
18 month old speech regression,0,61,0,13.5
18 month old speech therapy,0,14,0,16.5
18 month old started hitting,0,2,0,3
18 month old still babbling,0,19,0,5.7
18 month old still not sleeping through the night,0,4,0,3
18 month old stopped saying words,0,10,0,7.1
18 month old suddenly clingy,0,1,0,3
18 month old suddenly waking at night,0,1,0,2
18 month old talking milestones,0,10,0,17.9
18 month old testing boundaries,0,1,0,3
18 month old toddler,0,1,0,5
18 month old toe walking,0,1,0,2
18 month old understands everything but doesn t talk,0,7,0,9.6
18 month old up for hours at night,0,1,0,4
18 month old vocabulary,0,8,0,10.8
18 month old wake windows,0,1,0,3
18 month old wakes up screaming,0,1,0,2
18 month old wakes up screaming inconsolable,0,1,0,3
18 month old waking at 5am,0,1,0,3
18 month old waking up at night crying,0,1,0,3
18 month old water bottle,0,1,0,2
18 month old whining all the time,0,1,0,4
18 month old will not sleep,0,1,0,2
18 month old woke up screaming and won't stop,0,1,0,2
18 month old wont sleep in cot,0,1,0,3
18 month old wont stop crying,0,1,0,2
18 month old word count,0,4,0,3
18 month old words count,0,1,0,3
18 month old.milestones,0,1,0,3
18 month pediatrician appt,0,1,0,2
18 month refusing nap,0,1,0,3
18 month regression,0,1,0,3
18 month regression signs,0,1,0,2
18 month regression sleep,0,1,0,3
18 month sleep needs,0,1,0,3
18 month sleep regression,0,26,0,2.5
18 month speech,0,61,0,10.7
18 month speech and language milestones,0,4,0,7.5
18 month speech development,0,5,0,15.6
18 month speech milestones,0,14,0,9.8
18 month speech regression,0,9,0,4.4
18 month talking,0,27,0,6.7
18 month talking milestones,0,3,0,8.7
18 month verbal milestones,0,1,0,2
18 month vocabulary,0,1,0,3
18 month words,0,9,0,7.2
18 month words milestone,0,1,0,5
18 months,0,16,0,5.6
18 months baby not talking,0,50,0,5.4
18 months baby talking,0,5,0,9.4
18 months boy,0,1,0,4
18 months development,0,1,0,4
18 months developmental milestones,0,2,0,3.5
18 months equal to how many days,0,1,0,2
18 months language,0,2,0,8
18 months language development,0,10,0,19.7
18 months language milestones,0,2,0,13.5
18 months milestones,0,5,0,3.2
18 months milestones baby,0,1,0,2
18 months milestones speech,0,1,0,15
18 months not talking but understands,0,28,0,7.1
18 months number of words,0,1,0,1
18 months old,0,1,0,1
18 months old baby girl,0,1,0,1
18 months old baby quotes,0,1,0,3
18 months old baby weight in kg,0,2,0,2.5
18 months old how many words,0,1,0,2
18 months old language development,0,3,0,20
18 months old milestones,0,6,0,2.8
18 months old milk intake,0,1,0,2
18 months old speech,0,26,0,12.8
18 months old speech milestones,0,1,0,1
18 months old talking,0,9,0,7
18 months old words,0,1,0,12
18 months sleep schedule,0,1,0,4
18 months speech delay,0,14,0,28.6
18 months speech development,0,8,0,9.8
18 months speech milestones,0,3,0,1
18 months still not talking,0,5,0,1.2
18 months talking,0,28,0,3.5
18 months talking milestones,0,5,0,15.6
18 months toddler milestones,0,1,0,2
18 months words,0,8,0,9.5
18 months words count,0,1,0,1
18 tháng chưa biết nói có sao không,0,1,0,3
18 to 24 months baby food chart,0,2,0,2
18 week old baby,0,1,0,3
18 μηνων δεν μιλαει,0,1,0,84
18/30 as a percent,0,1,0,33
18m sleep regression,0,1,0,3
18m speech milestones,0,1,0,1
18mo,0,1,0,2
18mo milestones,0,1,0,4
18month old milestones,0,3,0,2
18month old speech,0,23,0,9.4
18month sleep regression,0,1,0,2
18th month old,0,1,0,80
18th month old milestones,0,1,0,2
18شهر,0,2,0,3.5
19 month baby activities,0,1,0,2
19 month baby boy height and weight,0,1,0,3
19 month baby not talking,0,5,0,6
19 month developmental milestones,0,1,0,3
19 month not talking,0,10,0,10.6
19 month old babbling but not talking,0,5,0,7.2
19 month old bedtime,0,1,0,3
19 month old boy not talking,0,24,0,10.6
19 month old counting to 10,0,1,0,2
19 month old doesn't talk,0,9,0,5.3
19 month old doesnt talk,0,7,0,8
19 month old early morning waking,0,1,0,5
19 month old keeps waking up at night,0,1,0,2
19 month old milestones,0,3,0,3
19 month old milestones speech,0,1,0,2
19 month old no words,0,13,0,9.1
19 month old not saying many words,0,13,0,9.2
19 month old not saying words,0,2,0,4
19 month old not speaking,0,11,0,10.9
19 month old not talking but understands,0,13,0,8.3
19 month old not talking much,0,13,0,12.2
19 month old not talking yet,0,10,0,20.6
19 month old not walking or talking,0,1,0,2
19 month old refusing to eat,0,1,0,2
19 month old screaming at bedtime,0,1,0,2
19 month old sleeping a lot,0,1,0,3
19 month old speech,0,2,0,5
19 month old speech delay,0,1,0,26
19 month old speech milestones,0,1,0,3
19 month old still babbling,0,1,0,5
19 month old still not talking,0,17,0,9.5
19 month old suddenly waking up early,0,1,0,3
19 month old talking,0,1,0,2
19 month old tantrums,0,1,0,3
19 month old throwing things,0,1,0,3
19 month old understands but doesn't talk,0,6,0,9.5
19 month old waking up at 5am,0,1,0,3
19 month old wont eat,0,1,0,2
19 month sleep regression,0,1,0,2
19 month sleep regression signs,0,2,0,2.5
19 months,0,1,0,2
19 months and not talking,0,7,0,11.7
19 months baby development,0,1,0,2
19 months baby milestones,0,1,0,2
19 months not talking,0,32,0,14.2
19 months old and not talking,0,7,0,19.6
19 months old baby not talking,0,4,0,20.2
19 months old not talking,0,26,0,18.4
19 months wake window,0,1,0,3
1year old,0,1,0,3
1ขวบ3เดือน,0,1,0,4
2 and half year old not talking,0,1,0,3
2 ani si 6 luni,0,1,0,10
2 in 1 toddler swing,0,1,0,5
2 month old clicking tongue,0,1,0,2
2 to 3 years,0,1,0,1
2 year assessment nhs,0,1,0,5
2 year check up questionnaire nhs pdf,0,1,0,4
2 year development checklist,0,1,0,7
2 year developmental milestones,0,2,0,4.5
2 year health check,0,1,0,3
2 year health visitor check,0,5,0,3.4
2 year milestones,0,2,0,4.5
2 year old,0,2,0,2
2 year old 3 hour nap,0,1,0,4
2 year old aggression when to worry,0,1,0,3
2 year old aggressive towards mother,0,1,0,3
2 year old asking why,0,1,0,2
2 year old baby carrier,0,1,0,2
2 year old baby not talking,0,1,0,3
2 year old banging head on wall,0,1,0,1
2 year old banging head when upset,0,2,0,2
2 year old behind in speech,0,2,0,2.5
2 year old boy not talking but babbling,0,1,0,2
2 year old boy shoe size uk,0,1,0,2
2 year old cant jump,0,1,0,3
2 year old check,0,1,0,3
2 year old constantly saying mummy,0,1,0,3
2 year old constantly whining and crying,0,1,0,3
2 year old cries all the time,0,1,0,3
2 year old crying for no reason,0,1,0,3
2 year old delayed speech,0,1,0,3
2 year old development checklist,0,2,0,3.5
2 year old development checklist nhs,0,7,0,4.3
2 year old development checklist nhs uk,0,5,0,3.6
2 year old developmental milestones,0,3,0,4.3
2 year old doesn t say mom or dad,0,1,0,2
2 year old doesn t talk but understands,0,3,0,8
2 year old doesn't know colors,0,1,0,2
2 year old doesn't play with toys,0,1,0,2
2 year old doesn't respond to name,0,1,0,2
2 year old doesn't speak,0,1,0,3
2 year old doesn't talk,0,2,0,28.5
2 year old doesn't talk but understands,0,3,0,11.3
2 year old doesnt eat,0,1,0,3
2 year old doesnt speak,0,1,0,3
2 year old doesnt talk,0,1,0,3
2 year old drinking lots of water,0,2,0,3
2 year old eating hair,0,1,0,2
2 year old fixated on things,0,2,0,2.5
2 year old free nursery hours,0,1,0,5
2 year old fussy and not eating,0,1,0,2
2 year old girl not talking,0,1,0,2
2 year old haircut,0,1,0,4
2 year old health check,0,2,0,2.5
2 year old hitting me,0,4,0,2.5
2 year old hitting other kids,0,1,0,3
2 year old how many words,0,1,0,2
2 year old ignores me when i call his name,0,1,0,2
2 year old isn't talking yet,0,2,0,26.5
2 year old keeps blinking eyes,0,1,0,3
2 year old keeps falling over,0,1,0,2
2 year old keeps hitting other kids,0,1,0,3
2 year old keeps throwing things,0,1,0,3
2 year old keeps waking up crying,0,1,0,2
2 year old kicking and hitting,0,1,0,2
2 year old language development checklist,0,1,0,3
2 year old language skills,0,1,0,2
2 year old late talker,0,6,0,14.3
2 year old losing weight,0,1,0,2
2 year old makes noises instead of talking,0,1,0,3
2 year old milestones,0,29,0,3.2
2 year old milestones checklist,0,1,0,3
2 year old milestones uk,0,5,0,3
2 year old motor skills,0,1,0,3
2 year old night terrors,0,1,0,2
2 year old not eating,0,1,0,2
2 year old not eating much,0,2,0,2
2 year old not eating only drinking milk,0,1,0,2
2 year old not gaining weight,0,1,0,2
2 year old not growing,0,2,0,2
2 year old not listening at all,0,1,0,3
2 year old not listening to instructions,0,1,0,3
2 year old not putting on weight,0,1,0,2
2 year old not saying any words,0,1,0,2
2 year old not sharing toys,0,1,0,3
2 year old not speaking,0,2,0,3
2 year old not speaking but understands,0,2,0,10.5
2 year old not speaking in sentences,0,1,0,4
2 year old not talking,0,15,0,7.3
2 year old not talking but babbling,0,5,0,3
2 year old not talking but understands,0,38,0,6.8
2 year old not talking but understands everything,0,14,0,8.4
2 year old not talking much,0,3,0,2.3
2 year old not talking much but understands,0,1,0,9
2 year old not talking yet,0,2,0,34
2 year old not understanding instructions,0,2,0,2.5
2 year old nursery near me,0,1,0,2
2 year old obsessed with opening and closing doors,0,1,0,3
2 year old only says a few words,0,2,0,2.5
2 year old only wants mom,0,1,0,3
2 year old only wants mom at night,0,1,0,3
2 year old only wants mum,0,1,0,3
2 year old outdoor activities,0,1,0,5
2 year old overheating,0,1,0,2
2 year old playing with himself,0,1,0,3
2 year old progress report example,0,1,0,5
2 year old pulling hair out,0,1,0,3
2 year old pushing other kids,0,1,0,6
2 year old putting everything in mouth,0,1,0,2
2 year old refuses to eat,0,1,0,3
2 year old refusing food,0,1,0,3
2 year old repeating phrases over and over,0,1,0,2
2 year old says words but not sentences,0,3,0,3
2 year old scared of other kids,0,1,0,2
2 year old screaming and crying for no reason,0,1,0,2
2 year old screaming for no reason,0,1,0,2
2 year old sleeps with blanket over head,0,1,0,3
2 year old speech,0,2,0,3
2 year old speech checklist,0,16,0,2.4
2 year old speech checklist nhs uk,0,9,0,3.3
2 year old speech delay,0,4,0,2.8
2 year old speech delay behavior problems,0,1,0,3
2 year old speech milestones,0,1,0,3
2 year old stammering,0,1,0,47
2 year old started biting,0,1,0,2
2 year old still not talking,0,2,0,2.5
2 year old still speaking gibberish,0,1,0,3
2 year old swearing,0,1,0,2
2 year old talking,0,1,0,3
2 year old talking gibberish,0,2,0,3
2 year old talking in sleep,0,1,0,1
2 year old throwing food on floor,0,1,0,2
2 year old throws everything,0,1,0,3
2 year old touching privates,0,1,0,2
2 year old tv time,0,1,0,2
2 year old understands everything but doesn't talk,0,1,0,6
2 year old understands everything but not talking,0,8,0,8
2 year old very emotional,0,1,0,3
2 year old vocabulary word list,0,2,0,3
2 year old wakes up screaming inconsolable,0,2,0,3
2 year old with speech delay,0,1,0,3
2 year old won't eat,0,2,0,2
2 year old won't eat dinner,0,1,0,2
2 year old wont eat,0,2,0,2
2 year old writing,0,1,0,3
2 year old.milestones,0,2,0,3
2 year olds,0,1,0,3
2 years baby not eating food,0,1,0,2
2 years baby not talking,0,1,0,3
2 years check up,0,1,0,3
2 years developmental milestones,0,1,0,3
2 years old baby diarrhea,0,1,0,2
2 years old is how many months,0,1,0,3
2 years old language development,0,1,0,2
2 years old milestones,0,1,0,3
2 years old speech milestones,0,1,0,3
2 yo speech milestones,0,1,0,2
2-year-old not talking but understands autism,0,1,0,3
2.5 year old eating regression,0,1,0,3
2.5 year old not talking,0,1,0,3
2.5 year old not talking but understands,0,3,0,2.3
2.5 year old speech milestones,0,1,0,2
20 maanden,0,1,0,7
20 month developmental milestones,0,1,0,3
20 month milestones,0,3,0,3.3
20 month milestones checklist,0,1,0,3
20 month not talking,0,1,0,3
20 month old,0,1,0,3
20 month old babbling but not talking,0,4,0,7
20 month old baby milestones,0,1,0,2
20 month old baby not talking,0,1,0,12
20 month old boy not talking,0,15,0,7.7
20 month old doesn't talk,0,7,0,8.3
20 month old how many words,0,1,0,3
20 month old milestones,0,28,0,3.0
20 month old milestones red flags,0,17,0,11.2
20 month old no words,0,1,0,3
20 month old not saying words,0,1,0,3
20 month old not speaking,0,7,0,7.1
20 month old not talking,0,66,0,7.9
20 month old not talking but understands,0,7,0,8.6
20 month old not talking but understands everything,0,11,0,7.5
20 month old not talking just babbling reddit,0,1,0,4
20 month old not talking much,0,6,0,6.3
20 month old not walking,0,1,0,3
20 month old only says a few words,0,1,0,3
20 month old red flags,0,2,0,1
20 month old refusing food,0,1,0,2
20 month old sleep schedule,0,1,0,3
20 month old still not talking,0,13,0,7.5
20 month old talking,0,1,0,3
20 month old understands but won't talk,0,10,0,8
20 month regression sleep,0,1,0,2
20 month wake window,0,1,0,3
20 months baby not talking,0,1,0,2
20 months milestones,0,1,0,3
20 months not talking,0,2,0,5.5
20 months not talking but understands,0,1,0,9
20 months old and not talking,0,1,0,3
20 months old baby,0,1,0,3
20 months old baby not talking,0,2,0,2
20 months old milestones,0,1,0,3
20 months old not talking,0,4,0,4.5
21 month old baby not talking,0,1,0,3
21 month old boy not talking,0,1,0,3
21 month old milestones,0,1,0,3
21 month old not talking,0,3,0,3
21 month old not talking but understands,0,15,0,9.9
21 month old refusing to eat,0,1,0,2
21 month old speech,0,2,0,3
21 month old understands but doesn't talk,0,12,0,7.3
21 months and not talking,0,1,0,58
21 months how many words,0,1,0,2
21 months not talking,0,1,0,3
21 months old not talking,0,1,0,44
22 month old doesn't talk,0,1,0,3
22 month old milestones,0,1,0,3
22 month old not eating,0,1,0,2
22 month old not talking,0,3,0,2.3
22 month old not talking but understands everything,0,6,0,11.3
22 months speech milestones,0,1,0,3
23 month old baby milestones,0,1,0,2
23 month old milestones,0,1,0,3
23 month old not talking,0,1,0,2
23 month old not talking but understands everything,0,1,0,3
24 month old speech milestones,0,2,0,2.5
24 month old talking,0,1,0,3
24 months milestones checklist,0,1,0,3
25 month old not talking,0,5,0,12
25 month old speech,0,1,0,1
26 month old not talking but understands everything,0,3,0,10
26 month old speech,0,5,0,12
27 month old not talking but understands everything,0,1,0,2
27 month old speech,0,1,0,3
29 month old not talking,0,1,0,3
2year old milestones,0,3,0,2.3
2yr old milestones,0,1,0,3
2yr old speech milestones,0,1,0,3
3 components of language,0,3,0,36.3
3 year old boy not speaking in sentences,0,1,0,2
3 year old boy not talking,0,2,0,2
3 year old boy not talking yet,0,2,0,2
3 year old child speech delay,0,1,0,3
3 year old delayed speech,0,1,0,3
3 year old has started stuttering,0,1,0,51
3 year old not eating,0,1,0,3
3 year old not potty trained autism,0,5,0,13.8
3 year old not speaking,0,1,0,3
3 year old not speaking in sentences,0,4,0,2.5
3 year old not talking,0,5,0,3
3 year old not talking but babbling autism,0,1,0,3
3 year old not talking but understands,0,1,0,3
3 year old not talking but understands everything,0,1,0,3
3 year old not talking yet,0,1,0,49
3 year old red flags,0,4,0,9.5
3 year old refuses to use potty,0,1,0,2
3 year old sentence length,0,1,0,3
3 year old speech,0,1,0,3
3 year old speech checklist,0,2,0,3.5
3 year old speech checklist pdf,0,3,0,5
3 year old speech delay,0,1,0,3
3 year old speech delay behavior problems,0,4,0,3
3 year old speech milestones,0,3,0,3.3
3 year old speech sounds,0,1,0,17
3 year old speech therapy,0,1,0,43
3 year old stammering,0,1,0,48
3 year old started stammering,0,1,0,49
3 year old still not potty trained,0,1,0,3
3 year old still puts everything in mouth,0,1,0,2
3 year old stutter,0,1,0,48
3 year old stuttering,0,2,0,48
3 year old stuttering and blinking,0,1,0,57
3 year old talks in sleep,0,1,0,1
3 year old won t go to sleep until 10pm,0,1,0,1
3 year old won't eat,0,1,0,3
3 year old wont potty train,0,1,0,3
3 year-old speech delay not autism,0,1,0,3
3 years and 8 months,0,1,0,2
3 years baby not speaking,0,1,0,2
3 years old not speaking clearly,0,1,0,3
3 years old not talking,0,1,0,2
3 yr olds,0,1,0,2
3-4 year old language development checklist,0,1,0,5
3-5 years language development,0,1,0,45
3-year-old child development milestones,0,1,0,1
3-year-old child not speaking clearly,0,1,0,3
3.5 year old not talking,0,1,0,3
30 month old milestones red flags,0,3,0,9
30 month old not talking,0,6,0,18.2
30 month old speech,0,9,0,10.6
30 month old speech delay,0,3,0,12.7
31 month old not talking,0,2,0,20.5
4 components of language,0,57,0,10.2
4 modalities of language,0,1,0,36
4 month old baby doesn t cry,0,1,0,3
4 stages of language development,0,1,0,41
4 year old doesnt talk,0,1,0,3
4 year old not chewing food,0,1,0,2
4 year old not potty trained autism,0,17,0,9.2
4 year old not pronouncing words properly,0,1,0,11
4 year old not speaking clearly,0,2,0,2
4 year old not talking,0,3,0,2.3
4 year old not talking but understands,0,1,0,3
4 year old screams instead of talking,0,1,0,3
4 year old shouts instead of talking,0,1,0,3
4 year old speech delay,0,1,0,2
4 year old speech delay behavior problems,0,3,0,3
4 year old speech sounds,0,4,0,42
4 year old stammering,0,1,0,46
4 year old still in diapers,0,1,0,1
4 year old stuttering,0,2,0,43.5
4 year old throwing food on floor,0,1,0,3
4 year old trouble falling asleep,0,1,0,1
4 year old with speech delay,0,1,0,6
4 years 8 months,0,1,0,7
4 years old,0,1,0,2
4 years old speech delay,0,1,0,2
4th street nursery,0,1,0,6
5 areas of language,0,1,0,24
5 areas of language development,0,3,0,12
5 components of language,0,2,0,29.5
5 components of oral language,0,1,0,36
5 month old milestones speech,0,1,0,3
5 month old squealing all the time,0,1,0,2
5 parts of language,0,1,0,12
5 year old autistic boy not potty trained,0,1,0,10
5 year old not potty trained autism,0,2,0,9
5 year old not talking but understands,0,3,0,3
5 year old not toilet trained,0,1,0,3
5 year old speech delay,0,1,0,3
5 year old speech delay behavior problems,0,1,0,2
5 year old started stuttering,0,1,0,50
5 year old stuttering,0,1,0,41
5 year old stuttering getting worse,0,1,0,3
50 words by 18 months,0,1,0,3
6 - 12 months,0,1,0,2
6 month old doesn't respond to name,0,1,0,82
6 month old milestones,0,1,0,3
6 month old not making consonant sounds,0,1,0,2
6 months,0,1,0,18
6 year old not speaking clearly,0,1,0,2
6 year old speech,0,2,0,35.5
6 year old speech delay behavior problems,0,1,0,3
6 year old with autism not potty trained,0,2,0,5.5
6-8 years,0,59,0,20.1
7 components of language,0,1,0,21
7 month milestones baby,0,1,0,3
7 stages of language development,0,1,0,3
7 year old stuttering,0,1,0,41
8,0,1,0,2
8 and 10 years old,0,1,0,2
8 month baby boy weight,0,1,0,3
8 year old speech problems,0,2,0,10
8 years old?,0,1,0,2
82 cm at 18 months,0,1,0,2
9 month milestones,0,1,0,33
9 month old baby no teeth,0,1,0,2
9 month old language development,0,1,0,3
9 to 10 years,0,1,0,30
9 to 12 years old,0,8,0,9.9
9 year old cant sleep,0,1,0,3
9 year old not sleeping,0,1,0,2
9 year old refusing to go to bed,0,1,0,3
9 year old sleep schedule,0,1,0,1
9 year old struggles to fall asleep,0,1,0,2
9 year old struggling to sleep,0,1,0,2
9 year olds,0,1,0,1
9 years,0,1,0,2
9-12 month health visitor check,0,1,0,4
9-12 year olds,0,3,0,30.7
a baby start talking at what age,0,2,0,7.5
a child,0,1,0,1
a child growing up,0,1,0,1
a child should start talking at what age,0,42,0,10.4
a child speaks at what age,0,11,0,8.8
a child starts talking at what age,0,47,0,9.2
"a parent seeks guidance for their 2-year-old child who has a diagnosed speech delay. the child is currently starting speech-language therapy. which approach combining nutrition and lifestyle modification offers the most effective supportive care? (1 point) give a high-dose omega-3 supplement to fully cure the speech delay, and allow unlimited educational tablet screen time to build vocabulary. introduce dietary omega-3 to support neural membrane pathways, while completely replacing passive screen time with active, face-to-face verbal interaction and reading. avoid all omega-3 fats to prevent digestive issues, and rely strictly on background audiobooks played while the child plays alone. implement a restrictive gluten-free diet without tracking milestones, as nutritional changes alone will entirely bypass the problem",0,14,0,3.1
a quelle age on parle,0,1,0,6
a speech and language therapist,0,1,0,1
a speechie,0,2,0,27
aap 18 months 10 to 25 words,0,3,0,2
aap nutrition language development child,0,2,0,6.5
aap nutrition language development children,0,1,0,9
aba speech therapy near me,0,1,0,5
aba therapy,0,2,0,3.5
abc tracker,0,10,0,10.8
abington speech,0,1,0,30
about what age do babies start talking,0,2,0,10
absence seizures 2 year old,0,1,0,3
absence seizures in 2 year old,0,1,0,3
absent seizure toddler,0,1,0,3
acc tablet for autism,0,1,0,3
achieve speech and language,0,1,0,51
achievement and growth,0,1,0,3
action for stammering children,0,1,0,3
activities for 18 month old at home,0,1,0,4
activities for 2 year olds near me,0,2,0,3
activities for a one year old,0,1,0,5
activities to do with 1 year old,0,1,0,3
activities to do with 18 month old at home,0,1,0,4
activities to do with toddlers,0,1,0,5
actress adjoa andoh,0,1,0,5
add and speech delay,0,1,0,7
additional learning needs,0,2,0,2.5
adenoids affecting speech,0,1,0,3
adenoids and tonsils speech delay,0,1,0,3
adenoids in children,0,1,0,3
adhd and articulation,0,9,0,8.3
adhd and bathroom issues,0,6,0,8
adhd and delayed speech,0,13,0,9.1
adhd and dyslexia in adults,0,1,0,3
adhd and language,0,2,0,10.5
adhd and language disorders,0,3,0,23.3
adhd and potty training,0,113,0,9.8
adhd and potty training issues,0,26,0,8.6
adhd and social communication,0,2,0,11.5
adhd and speaking,0,1,0,10
adhd and speech delay in 2 year old,0,27,0,10.1
adhd and speech delay in 3 year old,0,20,0,9.4
adhd and speech delay in 4 year old,0,34,0,9.1
adhd and speech delay in 5 year old,0,4,0,6.8
adhd and speech delay in 6 year old,0,10,0,8.4
adhd and speech delay in toddlers,0,1,0,11
adhd and speech issues,0,1,0,12
adhd and speech problems,0,22,0,14.3
adhd and talking,0,2,0,3
adhd and toilet issues,0,62,0,8.4
adhd and toilet training,0,53,0,9.5
adhd and toileting,0,86,0,8.5
adhd baby talk,0,1,0,1
adhd bathroom issues,0,7,0,9
adhd cause speech delay,0,5,0,6.8
adhd coach oxford,0,1,0,33
adhd communication difficulties,0,1,0,12
adhd dan speech delay,0,3,0,3.3
adhd delayed speech,0,23,0,8.3
adhd in 1 year old,0,1,0,2
adhd in toddlers and speech delay,0,35,0,16.4
adhd language,0,5,0,7.6
adhd language delay,0,6,0,8.5
adhd late talker,0,4,0,9
adhd not talking,0,6,0,9
adhd potty training issues,0,13,0,7.6
adhd social communication difficulties,0,5,0,12.8
adhd speaking,0,4,0,10.8
adhd speaking issues,0,5,0,10.4
adhd speaking problems,0,4,0,8
adhd speech,0,39,0,9.1
adhd speech and language therapy,0,34,0,10.0
adhd speech delay,0,207,0,10.1
adhd speech impediment,0,1,0,1
adhd speech issues,0,11,0,9.8
adhd speech problems,0,51,0,13.3
adhd speech therapy activities,0,3,0,16.7
adhd symptoms in toddlers speech delay,0,11,0,11.1
adhd toddler potty training,0,2,0,5
adhd toilet problems,0,28,0,10.6
adhd toilet refusal,0,10,0,12
adhd toileting,0,2,0,5
adhd toileting problems,0,14,0,7.9
adhd treatment london for children,0,6,0,98.5
adhd treatment marylebone for children,0,3,0,69.7
adhd with speech delay,0,13,0,9.5
adhs kleinkind sprachentwicklung,0,1,0,3
adult aspergers diagnosis,0,1,0,3
adult speech therapy,0,1,0,2
adult speech therapy near me,0,1,0,3
advanced speech,0,1,0,34
advanced speech therapy,0,2,0,31.5
affordable speech therapy for kids,0,8,0,53.4
after how many years baby start talking,0,1,0,12
age,0,1,0,2
age 2 developmental milestones,0,1,0,3
age 2 milestones,0,1,0,3
age 2 milestones uk,0,3,0,3.3
age 2 speech milestones,0,1,0,7
age 4,0,1,0,2
age a baby starts talking,0,4,0,9.2
age at which children start talking,0,25,0,8.0
age babies pull to stand,0,1,0,2
age babies start talking,0,1,0,2
age babies start to talk,0,1,0,11
age babies talk,0,6,0,7.8
age baby start talking,0,3,0,9
age baby starts talking,0,26,0,8.4
age baby talk,0,1,0,2
age baby talks,0,10,0,11.9
age child start talking,0,1,0,9
age child starts talking,0,27,0,9.1
age child talks,0,10,0,7.5
age child walks,0,1,0,3
age children speak,0,8,0,4.9
age children start to talk,0,4,0,8
age children talk,0,45,0,6
age development of speech sounds,0,1,0,87
age do babies start talking,0,3,0,60.7
age for babies to talk,0,1,0,12
age for speaking,0,3,0,6.7
age for speech development,0,4,0,6.5
age for talking,0,22,0,5.5
age for talking in toddlers,0,6,0,10.3
age infants start talking,0,2,0,10
age kids talk,0,24,0,7.3
age of acquisition speech sounds,0,1,0,82
age of babies first words,0,1,0,2
age of baby start talking,0,1,0,10
age of first words,0,1,0,3
age of speaking,0,2,0,10
age of speaking for baby,0,8,0,10.5
age of speech development,0,2,0,9.5
age of talking,0,16,0,8.2
age speak,0,5,0,6.4
age speech,0,2,0,9.5
age start talking,0,43,0,7.6
age talk,0,2,0,6
age talking,0,23,0,7.4
age talking baby,0,5,0,11
age that babies start talking,0,1,0,12
age to start speaking,0,18,0,13.7
age to start talking,0,48,0,8.4
age to start talking baby,0,2,0,9.5
age to stop bottle feeding,0,1,0,2
age to talk,0,7,0,3.4
age toddlers start talking,0,2,0,1
age toddlers talk,0,9,0,6
age two milestones,0,1,0,3
age when babies start talking,0,2,0,11
age when babies talk,0,1,0,31
age when baby start talking,0,5,0,8.6
age when children start talking,0,20,0,7.5
age when kids start talking,0,20,0,7.5
age when toddlers start talking,0,1,0,1
ages and stages 2 year old,0,1,0,3
akkalgaro,0,1,0,3
albert einstein,0,2,0,3
albert einstein age when he started talking,0,1,0,4
albert einstein childhood,0,1,0,3
albert einstein death,0,1,0,3
albert einstein delayed speech,0,1,0,2
albert einstein died cause,0,1,0,2
albert einstein facts,0,2,0,2
albert einstein family,0,1,0,2
albert einstein last words,0,7,0,2.6
albert einstein son,0,1,0,2
albert einstein speaking age,0,2,0,2.5
albert einstein started talking at what age,0,1,0,2
albert einstein's last words,0,1,0,2
all about speech therapy,0,1,0,26
all of the above,0,1,0,3
all yes,0,1,0,3
almost 2 year old not talking,0,1,0,3
alphabet puzzles for toddlers,0,1,0,3
am i undiagnosed autistic,0,1,0,2
american speech-language-hearing association 18 months how many words,0,1,0,4
"among components of language, which consists of vocabulary and how concepts are expressed through words?",0,48,0,4.9
annie jr,0,1,0,5
any more?,0,1,0,5
aphasia,0,1,0,3
apraxia speech therapist near me,0,2,0,2
apraxia verbal,0,4,0,10.8
ar what sge dies soeech develop,0,3,0,12
are adhd kids harder to potty train,0,1,0,1
are boy toddlers more active than girls,0,1,0,6
are boys later to talk than girls,0,8,0,8
are boys slower to start talking than girls,0,1,0,3
are dyspraxia and adhd linked,0,1,0,2
are kids half their height at 2,0,1,0,3
are late talkers more intelligent,0,1,0,1
are sensory issues always autism,0,1,0,3
are speech delays hereditary,0,1,0,3
are stutters contagious,0,52,0,8.8
are working memory and short term memory the same,0,1,0,2
areas of language,0,8,0,21.6
areas of language development,0,1,0,1
arfid in toddlers symptoms,0,1,0,2
arley therapy,0,1,0,12
arley therapy services,0,1,0,37
around what age do babies start talking,0,11,0,15.8
around what age do kids start talking,0,4,0,10
around what age does a baby start talking,0,1,0,11
articu,0,1,0,5
articukate,0,1,0,46
articula.ai customer service phone number,0,31,0,8.5
articulate,0,6,0,6.8
articulate autistic,0,1,0,15
articulate child,0,21,0,4.5
articulate children,0,1,0,8
articulate contact,0,3,0,9.7
articulate for kids,0,60,0,39.2
articulate for kids instructions,0,2,0,9.5
articulate login,0,5,0,5.4
articulate me,0,1,0,8
articulate online,0,1,0,11
articulate public speaking for children & teens,0,24,0,4.0
articulate sounds,0,1,0,6
articulate speech,0,45,0,9.0
articulate speech pathology,0,1,0,1
articulate support phone number,0,1,0,22
articulate tesco,0,3,0,10.7
articulated speech,0,4,0,9.2
articulateness,0,1,0,37
articulates,0,5,0,11.4
articulation,0,2,0,52
articulation age of acquisition,0,1,0,86
articulation and speech therapy,0,5,0,6.8
articulation classes,0,1,0,4
articulation classes for kids,0,6,0,7.5
articulation classes near me,0,14,0,10.4
articulation development,0,1,0,87
articulation disorder,0,1,0,3
articulation specialist,0,2,0,5.5
articulation therapy,0,14,0,42.1
articulation therapy for kids,0,2,0,3
articulation therapy near me,0,2,0,8
articulation training,0,4,0,4.8
articulation training for professionals,0,1,0,1
articulation training for teens,0,6,0,6.8
articulation training near me,0,22,0,6.8
articulation training reviews,0,1,0,10
articulation training uk,0,1,0,1
articulatory dyspraxia,0,35,0,7.8
as a one off,0,1,0,3
asd girl,0,1,0,3
asd symptoms in girls,0,1,0,3
asd symptoms in women,0,1,0,3
asd toilet training,0,1,0,36
asleep,0,1,0,3
aspects of language,0,1,0,4
aspects of language development,0,6,0,9.2
asperger's symptoms,0,1,0,3
aspergers vs autism,0,6,0,3.8
asq 12 months,0,1,0,4
at 14 months what should a baby be doing,0,1,0,3
at 18 months how many words,0,1,0,2
at 19 months how many words,0,1,0,2
at 2 years old should a child be talking,0,9,0,11.8
at home speech therapy for children,0,1,0,48
at home speech therapy for kids,0,1,0,9
at how old do babies start talking,0,3,0,10.7
at how old does a baby start talking,0,3,0,12
at how old should a baby start talking,0,9,0,10.6
at what age a baby should start talking,0,5,0,9.6
at what age a baby start talking,0,12,0,10.2
at what age a baby starts talking,0,1,0,2
at what age a child should start talking,0,22,0,8.1
at what age a child start speaking,0,37,0,9.8
at what age a child start talking,0,17,0,9.4
at what age a toddler start talking,0,2,0,6.5
at what age adhd child speak,0,2,0,13
at what age are kids supposed to talk,0,4,0,9.2
at what age babies speak,0,1,0,2
at what age babies start talking,0,4,0,2.2
at what age babies start talking properly,0,1,0,8
at what age baby boy start talking,0,18,0,13.4
at what age baby can talk,0,2,0,11.5
at what age baby girl start talking,0,4,0,10.2
at what age baby should start talking,0,2,0,12
at what age baby speaks,0,6,0,9.7
at what age baby start speaking,0,5,0,9.2
at what age baby start talking,0,31,0,9.4
at what age baby start talking properly,0,33,0,9.0
at what age baby start to speak,0,1,0,8
at what age baby start to talk,0,11,0,24.4
at what age baby starts speaking,0,1,0,11
at what age baby starts talking,0,4,0,10.5
at what age baby will speak,0,2,0,9.5
at what age boys start talking,0,7,0,6.6
at what age can a baby start talking,0,7,0,12.9
at what age can a baby talk,0,1,0,12
at what age can a child speak,0,16,0,6
at what age can a child speak fluently,0,18,0,8.2
at what age can a child start talking,0,22,0,9.9
at what age can a child talk,0,16,0,9.9
at what age can babies start talking,0,1,0,30
at what age can babies talk,0,5,0,11.2
at what age can children speak,0,14,0,8.9
at what age can children talk,0,21,0,8.4
at what age can kids speak,0,12,0,7.8
at what age can kids talk,0,17,0,9.6
at what age can kids talk properly,0,11,0,6.5
at what age can you have a conversation with a child,0,3,0,9.7
at what age child should start talking,0,1,0,11
at what age child speaks,0,11,0,8.5
at what age child start speaking,0,25,0,8.7
at what age child start talking,0,42,0,9.6
at what age child starts speaking,0,1,0,1
at what age child starts to speak,0,16,0,10.1
at what age children start speaking,0,15,0,9.2
at what age children start talking,0,105,0,8.9
at what age did albert einstein start speaking,0,1,0,3
at what age did einstein start talking,0,2,0,2
at what age do a baby start talking,0,1,0,10
at what age do babies blow raspberries,0,1,0,3
at what age do babies know their name,0,1,0,3
at what age do babies learn to talk,0,1,0,64
at what age do babies normally start talking,0,2,0,9
at what age do babies say mama or dada,0,1,0,2
at what age do babies say two words together,0,1,0,2
at what age do babies speak in sentences,0,1,0,3
at what age do babies start building blocks,0,1,0,2
at what age do babies start speaking,0,2,0,12
at what age do babies start talking,0,30,0,29.4
at what age do babies start talking clearly,0,7,0,32.4
at what age do babies start talking fluently,0,2,0,9
at what age do babies start talking gibberish,0,1,0,3
at what age do babies start talking words,0,1,0,11
at what age do babies start talking?,0,1,0,42
at what age do babies start to say words,0,4,0,10.8
at what age do babies start to sit up on their own,0,1,0,2
at what age do babies start to talk,0,2,0,63
at what age do babies talk,0,22,0,12.4
at what age do babies talk clearly,0,1,0,38
at what age do babies talk in sentences,0,1,0,20
at what age do babies talk properly,0,11,0,11.4
at what age do babies typically start talking,0,1,0,8
at what age do baby boys start talking,0,9,0,8.6
at what age do baby girls start talking,0,4,0,9.2
at what age do baby start talking,0,20,0,13.9
at what age do babys start talking,0,1,0,11
at what age do babys talk,0,2,0,12
at what age do boys start talking,0,30,0,10.6
at what age do boys start to talk,0,4,0,8
at what age do boys talk,0,5,0,14.6
at what age do children begin talking,0,4,0,10.2
at what age do children begin to speak,0,23,0,13
at what age do children begin to talk,0,10,0,6.3
at what age do children learn to speak,0,15,0,11.9
at what age do children learn to talk,0,4,0,3.2
at what age do children normally start talking,0,15,0,6.9
at what age do children respond to their name,0,1,0,3
at what age do children speak fluently,0,2,0,3
at what age do children start saying words,0,3,0,10.7
at what age do children start speaking,0,45,0,6.9
at what age do children start talking clearly,0,1,0,10
at what age do children start talking in sentences,0,2,0,11.5
at what age do children start talking?,0,5,0,9
at what age do children start to speak,0,56,0,8.6
at what age do children talk,0,61,0,8.5
at what age do children typically start talking,0,1,0,7
at what age do children usually start talking,0,12,0,8.1
at what age do fine motor skills decline,0,9,0,6
at what age do girls start talking,0,9,0,9.6
at what age do infants start talking,0,5,0,32
at what age do kids begin to talk,0,6,0,17.2
at what age do kids learn to speak,0,3,0,3.3
at what age do kids learn to talk,0,6,0,6.7
at what age do kids normally start talking,0,10,0,13
at what age do kids speak,0,26,0,6.7
at what age do kids speak full sentences,0,1,0,2
at what age do kids start having conversations,0,1,0,7
at what age do kids start saying words,0,2,0,10
at what age do kids start speaking,0,40,0,8.4
at what age do kids start talking,0,588,0,9.4
at what age do kids start talking clearly,0,4,0,38
at what age do kids start talking fluently,0,3,0,6
at what age do kids start talking properly,0,12,0,7.4
at what age do kids start talking?,0,4,0,5
at what age do kids start to speak,0,13,0,8.2
at what age do kids start to talk,0,28,0,7.6
at what age do kids talk,0,64,0,11.8
at what age do kids talk clearly,0,1,0,9
at what age do kids usually start talking,0,8,0,10.8
at what age do late talkers start talking,0,1,0,10
at what age do late talkers talk,0,6,0,1.8
at what age do late talkers talk? explain why some children are late talkers,0,3,0,17.7
at what age do most babies start talking,0,3,0,32.3
at what age do most children start talking,0,7,0,6.6
at what age do most kids start talking,0,8,0,8
at what age do people start talking,0,2,0,8
at what age do speech delay kids catch up,0,4,0,8
at what age do toddlers speak clearly,0,1,0,9
at what age do toddlers start speaking,0,1,0,10
at what age do toddlers start talking in sentences,0,1,0,85
at what age do toddlers start to talk,0,1,0,1
at what age do toddlers talk,0,11,0,14.2
at what age do you start speaking,0,20,0,9.7
at what age do you start talking,0,29,0,8.6
at what age do.babies start talking,0,1,0,11
at what age do.kids start talking,0,6,0,7.7
at what age does a baby boy start talking,0,6,0,11
at what age does a baby speak,0,2,0,9.5
at what age does a baby start speaking,0,6,0,9.8
at what age does a baby start talking,0,66,0,15.1
at what age does a baby start talking properly,0,23,0,10.0
at what age does a baby start to talk,0,7,0,10
at what age does a baby starts talking,0,2,0,10
at what age does a child begin to talk,0,14,0,9.7
at what age does a child speak,0,12,0,7
at what age does a child speak clearly,0,1,0,2
at what age does a child start speaking,0,18,0,10.5
at what age does a child start talking properly,0,35,0,8.4
at what age does a child start to speak,0,17,0,9.6
at what age does a child start to talk,0,29,0,8
at what age does a child starts talking,0,3,0,9.7
at what age does a kid start talking,0,23,0,9.5
at what age does a normal child start talking,0,22,0,8.1
at what age does a toddler start talking,0,8,0,12.8
at what age does babies start talking,0,4,0,25.5
at what age does baby roll over,0,1,0,3
at what age does baby start talking,0,9,0,8.9
at what age does child start talking,0,7,0,5.9
at what age does kids start talking,0,28,0,8.3
at what age does the baby start talking,0,1,0,10
at what age does the child start talking,0,11,0,9.9
at what age does toddler start talking,0,3,0,10.3
at what age einstein started speaking,0,3,0,2
at what age f,0,1,0,1
at what age is a baby supposed to start talking,0,9,0,10.9
at what age is a child expected to start talking,0,18,0,10.6
at what age is a child supposed to start talking,0,104,0,8.9
at what age is speech considered delayed,0,1,0,2
at what age is speech delay concerning,0,6,0,8.7
at what age is speech fully developed,0,1,0,11
at what age kids speak,0,8,0,8.8
at what age kids start speaking,0,19,0,7.9
at what age kids start talking,0,256,0,9.8
at what age kids start talking clearly,0,2,0,11.5
at what age kids start to speak,0,5,0,7.2
at what age kids start to talk,0,4,0,8.5
at what age kids talk,0,10,0,8.7
at what age should a baby be talking,0,12,0,10.2
at what age should a baby boy start talking,0,20,0,11.3
at what age should a baby start saying words,0,4,0,9.2
at what age should a baby start talking,0,106,0,11.2
at what age should a baby start to talk,0,11,0,9.8
at what age should a baby talk,0,81,0,12.2
at what age should a child be able to talk,0,1,0,10
at what age should a child be speaking,0,14,0,6.4
at what age should a child be speaking clearly,0,2,0,11
at what age should a child be talking,0,56,0,4.8
at what age should a child be talking clearly,0,2,0,18
at what age should a child respond to their name,0,1,0,3
at what age should a child speak,0,20,0,8.3
at what age should a child speak clearly,0,1,0,2
at what age should a child start saying words,0,3,0,11.7
at what age should a child start talking clearly,0,6,0,27.7
at what age should a child start talking fluently,0,2,0,16.5
at what age should a child start to talk,0,18,0,6.6
at what age should a child talk clearly,0,7,0,7.1
at what age should a child talk in sentences,0,1,0,2
at what age should a kid be talking,0,1,0,8
at what age should a kid start talking,0,10,0,8.8
at what age should a toddler be talking,0,11,0,5.2
at what age should a toddler start talking,0,17,0,7.2
at what age should babies be talking,0,3,0,11
at what age should babies start to talk,0,1,0,2
at what age should babies talk,0,10,0,14.3
at what age should baby start talking,0,11,0,11
at what age should boys start talking,0,2,0,4
at what age should child start talking,0,3,0,8
at what age should children be talking,0,12,0,7.4
at what age should i be concerned about my child speech,0,10,0,8.9
at what age should i worry about my child not talking,0,8,0,7.9
at what age should kids be able to talk,0,1,0,4
at what age should kids be talking,0,9,0,4.3
at what age should kids be talking clearly,0,1,0,1
at what age should kids start talking,0,62,0,8.9
at what age should kids talk,0,10,0,5.9
at what age should my baby start talking,0,26,0,10.6
at what age should my child be talking,0,13,0,4.8
at what age should my child start talking,0,24,0,7.6
at what age should my toddler start talking,0,1,0,7
at what age should speech therapy begin,0,1,0,9
at what age should toddlers start talking,0,15,0,7.3
at what age should toddlers stop drinking milk,0,1,0,3
at what age should you be concerned if a child is not talking,0,4,0,3.5
at what age should you worry if a child is not talking,0,4,0,9.8
at what age should your child be talking,0,3,0,22.7
at what age should your child start talking,0,5,0,8.4
at what age the baby start talking,0,5,0,9.8
at what age the child start speaking,0,5,0,6
at what age to babies start talking,0,3,0,8.7
at what age to babies talk,0,1,0,34
at what age to children start talking,0,42,0,8.6
at what age to kids start talking,0,40,0,8.7
at what age to toddlers start talking,0,3,0,8.7
at what age toddler start speaking,0,1,0,11
at what age toddler start talking,0,6,0,6.8
at what age will a baby start talking,0,4,0,12.2
at what do children start talking,0,3,0,8.7
at what month do babies start talking,0,1,0,2
at which age a child start talking,0,15,0,8.8
at which age baby start speaking,0,2,0,10
at which age baby start talking,0,10,0,10.5
at which age child start speaking,0,10,0,8.8
at which age do babies start talking,0,1,0,10
at which age do kids start talking,0,4,0,6.2
at which age does a baby start talking,0,4,0,11.8
at which age does a child start talking,0,30,0,9.8
at which age kids start talking,0,40,0,9.7
at which age should a child start talking,0,33,0,9.1
at which month baby start speaking,0,1,0,3
atriculate,0,1,0,13
audhd?,0,1,0,8
audiology pediatric,0,1,0,3
audiospeech,0,1,0,54
auditory memory meaning,0,1,0,2
autism,0,7,0,2.9
autism and bathroom issues in adults,0,3,0,3
autism and beige food,0,1,0,12
autism and bowel incontinence,0,1,0,3
autism and food,0,20,0,61.9
autism and food aversion,0,4,0,9.8
autism and food aversions,0,3,0,19
autism and food refusal,0,1,0,88
autism and language development,0,1,0,3
autism and not talking,0,1,0,9
autism and pooping in pants,0,2,0,1
autism and pooping in pants reddit,0,1,0,7
autism and pooping pants,0,3,0,3
autism and potty training,0,19,0,19.6
autism and potty training issues,0,2,0,32
autism and speech delay,0,2,0,44.5
autism and toilet issues,0,1,0,22
autism and toilet training,0,32,0,41.4
autism bathroom issues,0,1,0,38
autism beige food,0,6,0,11.5
autism bowel movement problems,0,1,0,3
autism child potty training,0,1,0,13
autism dyspraxia,0,1,0,3
autism food aversion,0,1,0,65
autism food sensitivity,0,3,0,43
autism in 10 year old girl,0,1,0,3
autism in 5 year old girl,0,1,0,3
autism in girls,0,11,0,37
autism in girls symptoms,0,2,0,2
autism in toddler girls,0,1,0,3
autism in women,0,7,0,3.7
autism in women signs,0,1,0,5
autism in women symptoms,0,4,0,3
autism learning disability,0,1,0,1
autism level 2,0,1,0,1
autism meaning,0,3,0,2.3
autism or late talker,0,3,0,17.7
autism pooping in pants,0,2,0,1
autism pooping pants,0,1,0,3
autism potty,0,1,0,10
autism potty training,0,6,0,9
autism potty training in 3 days,0,28,0,26.9
autism potty training regression,0,1,0,11
autism potty training specialist,0,3,0,9.7
autism potty training specialist near me,0,1,0,14
autism sensory food issues,0,10,0,50.6
autism signs 17 months,0,1,0,2
autism signs 18 months,0,1,0,3
autism signs in 18 month old,0,1,0,2
autism signs in 6 year old girl,0,1,0,2
autism signs in adult women,0,1,0,4
autism signs in girls,0,1,0,3
autism speech delay,0,2,0,3
autism speech delay 4 year old,0,1,0,3
autism speech therapy london,0,22,0,33.5
autism supplements for speech,0,1,0,3
autism symptoms,0,3,0,2
autism symptoms in girls age 12,0,1,0,1
autism symptoms in toddler girls,0,1,0,3
autism symptoms in women,0,1,0,4
autism talker,0,1,0,12
autism toilet training,0,1,0,3
autism toileting issues,0,1,0,44
autism traits girls,0,1,0,3
autism vs asperger in adults,0,1,0,3
autism vs late talker,0,19,0,5.7
autism vs late talkers,0,5,0,26.4
autism vs speech delay,0,1,0,2
autism wale bache kab bolte hai,0,4,0,10.2
autista no verbal,0,1,0,2
autistic child pooping pants,0,1,0,2
autistic child potty training,0,1,0,12
autistic child potty training regression,0,1,0,37
autistic children potty training,0,1,0,11
autistic kids and potty training,0,1,0,10
autistic woman,0,1,0,3
autisum in girls,0,1,0,3
average 18 month old boy weight,0,1,0,3
average age a baby starts talking,0,16,0,7.4
average age a baby talks,0,31,0,9.2
average age a child starts talking,0,37,0,6.7
average age a child talks,0,29,0,12.3
average age a kid starts talking,0,8,0,6
average age babies sit up on their own,0,1,0,3
average age babies start talking,0,31,0,8.7
average age babies talk,0,11,0,8.7
average age babies talk in sentences,0,1,0,12
average age babies walk,0,1,0,2
average age baby talks,0,21,0,8.5
average age baby walks alone,0,1,0,2
average age boys start talking,0,11,0,6.5
average age child starts talking,0,12,0,6.7
average age child talks,0,25,0,9.2
average age children start speaking,0,6,0,7.5
average age children start talking,0,75,0,8.5
average age children start talking milestones,0,5,0,14
average age for a baby to start talking,0,33,0,7.8
average age for a baby to talk,0,38,0,10.9
average age for a child to start talking,0,30,0,6.3
average age for a child to talk,0,17,0,7.8
average age for babies to start talking,0,16,0,8.6
average age for babies to talk,0,93,0,9.1
average age for baby to start talking,0,11,0,7.5
average age for baby to talk,0,70,0,9.9
average age for baby to walk,0,1,0,2
average age for boys to start talking,0,9,0,5.7
average age for child to speak in sentences,0,4,0,8.5
average age for child to talk,0,29,0,6.3
average age for children to start talking,0,17,0,5.8
average age for children to talk,0,34,0,6.9
average age for kids to start talking,0,36,0,7.9
average age for kids to talk,0,13,0,6.8
average age for speaking,0,26,0,13.3
average age for speech development,0,2,0,9
average age for talking,0,66,0,14.3
average age for talking baby,0,12,0,7.2
average age for toddlers to talk,0,5,0,7.6
average age girls are potty trained,0,1,0,2
average age kids talk,0,8,0,6.2
average age of a child to start talking,0,10,0,7
average age of baby talking,0,14,0,10
average age of child to speak,0,3,0,9.7
average age of speaking,0,1,0,7
average age of talking,0,20,0,14.2
average age of talking for babies,0,19,0,10.1
average age start talking,0,18,0,8.4
average age talking,0,17,0,9.5
average age talking baby,0,6,0,7.5
average age to potty train uk,0,1,0,2
average age to speak,0,37,0,12.3
average age to start talking baby,0,15,0,8.3
average age to talk,0,57,0,15.5
average age to talk baby,0,11,0,9.6
average age toddlers start talking,0,9,0,9.3
average age when babies start talking,0,12,0,10.3
average age when babies talk,0,2,0,11.5
average age when children start talking,0,7,0,9.4
average age when kids start talking,0,23,0,7.2
average baby talking age,0,21,0,9.1
average first steps age,0,1,0,3
average height 18 month old boy,0,2,0,3
average height 18 month old girl,0,1,0,2
average height at 18 months,0,1,0,3
average height for 14 month old girl,0,1,0,2
average height for 18 month old boy,0,1,0,2
average height for 18 month old girl,0,3,0,2.3
average height for 20 month old boy,0,1,0,2
average height for 25 month old boy,0,1,0,3
average height of a one year old boy,0,1,0,2
average number of words 18 months,0,1,0,2
average speaking age,0,37,0,14.0
average speaking age for babies,0,10,0,9.9
average talking age,0,90,0,10.3
average talking age for babies,0,10,0,9.1
average weight and height for 1 year old,0,1,0,3
average weight of 18 month old boy,0,4,0,2.8
average weight of 18 month old girl,0,1,0,3
average weight of a 1 year old boy,0,1,0,3
average weight of a 18 month old,0,2,0,2
average weight of a 18 month old girl,0,1,0,2
ayurvedic medicine for speech delay,0,1,0,3
babies at 1 year old,0,1,0,3
babies milestones,0,1,0,3
babies social development,0,1,0,1
babies sound,0,1,0,2
babies speak at what age,0,1,0,10
babies speaking age,0,8,0,10.9
babies speech at 18 months,0,6,0,6.5
babies speech development,0,1,0,3
babies start speaking at what age,0,5,0,11.8
babies start to talk at what age,0,5,0,9
babies talk at what age,0,3,0,30
babies talking,0,2,0,2.5
babies talking age,0,4,0,2.2
babies talking milestones,0,1,0,2
baby 1 year milestones,0,1,0,5
baby 15 months not talking,0,1,0,3
baby 16 month milestones,0,1,0,3
baby 16 months not talking,0,2,0,9.5
baby 17 months not talking,0,7,0,5.3
baby 18 month milestones,0,2,0,2.5
baby age start talking,0,1,0,12
baby at 18 months milestones,0,1,0,2
baby babbles a lot but no words,0,1,0,3
baby ballers epping,0,1,0,10
baby beds,0,1,0,7
baby blowing raspberries,0,1,0,3
baby boy speaking age,0,13,0,11.1
baby boy start talking at what age,0,8,0,9
baby boy talking age,0,10,0,13.7
baby can speak at what age,0,5,0,11.2
baby can talk at what age,0,1,0,11
baby delayed speech,0,1,0,3
baby delayed speech development,0,1,0,2
baby development 18 months,0,1,0,6
baby development at 12 months,0,1,0,3
baby development stages 1-2 years,0,1,0,3
baby doesn't talk at 18 months,0,1,0,5
baby doesnt cry when hungry,0,1,0,3
baby doing planks,0,1,0,2
baby first talking age,0,1,0,12
baby first words age,0,3,0,3
baby girl weight 18 months,0,1,0,3
baby hardly cries,0,2,0,3
baby has no words at 12 months,0,1,0,3
baby is 15 months and not talking,0,1,0,44
baby is 18 months and not talking,0,6,0,5
baby late talker,0,11,0,16.3
baby learning to roll from tummy to back,0,1,0,3
baby mikestones,0,1,0,8
baby milestones,0,2,0,4.5
baby milestones 12 months,0,1,0,4
baby milestones at 18 months,0,1,0,2
baby mute,0,1,0,6
baby never cries autism,0,1,0,3
baby not crawling at 12 months,0,3,0,2.7
baby not crawling at 15 months,0,1,0,3
baby not sitting up at 8 months,0,1,0,2
baby not speaking,0,3,0,26.7
baby not speaking at 20 months,0,1,0,2
baby not standing independently at 12 months,0,1,0,3
baby not talking,0,4,0,7.5
baby not talking at 1 year,0,1,0,3
baby not talking at 12 months,0,20,0,8.3
baby not talking at 15 months,0,1,0,3
baby not talking at 16 months,0,6,0,11.7
baby not talking at 17 months,0,18,0,13.3
baby not talking at 19 months,0,6,0,15.2
baby not talking at 2,0,1,0,47
baby not talking at 2 years,0,3,0,2.3
baby not talking at 20 months,0,4,0,7.5
baby not talking at 21 months,0,2,0,4
baby not walking 18 months,0,1,0,3
baby not walking at 1 year,0,1,0,2
baby not walking at 12 months,0,1,0,3
baby not walking at 18 months,0,1,0,3
baby not walking or talking at 18 months,0,21,0,9.4
baby one year old,0,1,0,3
baby reigns,0,1,0,4
baby rocking forward and back while sitting,0,1,0,2
baby rolling over age,0,1,0,3
baby snacks,0,1,0,4
baby speak age,0,10,0,12.9
baby speaking,0,1,0,4
baby speaking age,0,62,0,10.3
baby speaking milestones,0,2,0,3
baby speaks at what age,0,3,0,11.7
baby speech age,0,2,0,5
baby speech delay,0,3,0,60.3
baby speech development,0,4,0,4
baby speech milestones,0,3,0,4
baby speech therapist,0,1,0,11
baby start speaking,0,2,0,11
baby start speaking at what age,0,2,0,11
baby start talking,0,2,0,10.5
baby start talking at what age,0,14,0,10.4
baby start talking at which age,0,1,0,12
baby start to speak at what age,0,6,0,11.2
baby start to talk at what age,0,3,0,10.7
baby started talking then stopped,0,1,0,69
baby starts speaking at what age,0,3,0,6.7
baby starts talking at what age,0,19,0,9.8
baby starts to talk at what age,0,1,0,19
baby still babbling at 18 months,0,2,0,1
baby still not talking at 18 months,0,8,0,7.9
baby stutter,0,1,0,11
baby stuttering,0,4,0,26
baby talk,0,1,0,3
baby talk age,0,1,0,13
baby talking,0,1,0,2
baby talking age,0,114,0,11.5
baby talking age chart,0,2,0,2
baby talking milestones,0,4,0,3.2
baby talking sounds,0,1,0,2
baby talking with mouth closed,0,1,0,3
baby talks at what age,0,4,0,11.5
baby thrusting tongue forward,0,1,0,2
baby walkers push along,0,1,0,2
baby walking,0,1,0,3
baby walking at 12 months,0,1,0,3
baby walking holding hands,0,1,0,2
baby walking holding one hand,0,1,0,3
baby weight at 1 year old,0,1,0,3
baby when start talking,0,2,0,6.5
baby with autism,0,1,0,3
baby words at 15 months,0,1,0,3
baby words at 18 months,0,1,0,13
bad fine motor skills,0,9,0,11.7
bad motor skills,0,11,0,17.5
balance board toddler,0,1,0,2
barbie tonies,0,1,0,6
barely talking,0,3,0,8
basic components of language,0,3,0,34.7
bathroom,0,1,0,1
bathroom training,0,1,0,1
bebe de 18 meses no habla,0,1,0,48
bedtime,0,1,0,1
bedtime bottle for 2 year old,0,1,0,3
behaviour and communication,0,2,0,39
behaviour language,0,1,0,29
behaviour meaning for kids,0,3,0,6.7
beige food autism,0,47,0,11.9
best age to potty train boy,0,1,0,2
best age to start speech therapy,0,4,0,8.5
best app for speech delay,0,1,0,4
best fish oil for autistic child,0,1,0,3
best food for speech delay,0,15,0,8.7
best milk for speech delay,0,2,0,6.5
best omega 3 for autism kids,0,1,0,2
best school for 2 year olds,0,1,0,2
best sleep aid for toddlers,0,1,0,3
best speech therapist,0,3,0,36.3
best speech therapist in peshawar,0,1,0,4
best speech therapist london,0,3,0,52.7
best speech therapist near me,0,1,0,4
best speech therapy,0,2,0,46.5
best speech therapy centre near me,0,1,0,6
best speech therapy toys for autism,0,1,0,5
best speech therapy videos for toddlers,0,1,0,8
best stickers for toddlers,0,1,0,2
best supplements for speech delay,0,4,0,2.8
best toddler movies,0,1,0,3
best toddler tower,0,1,0,5
best toys for 18-24 month old,0,1,0,5
best tv for 18 month old,0,1,0,3
best vitamins for speech delay,0,1,0,2
best vitamins for speech delay toddler,0,3,0,7.7
bic crayons,0,1,0,5
bideoss,0,1,0,30
bilingual babies take longer to speak,0,1,0,3
blankets for 1 year old,0,1,0,3
blooms taxonomy,0,1,0,3
bottle for toddler,0,1,0,4
bottles for toddlers,0,1,0,6
boundaries for toddlers,0,1,0,3
bowel incontinence in children,0,1,0,3
boys talking age,0,9,0,5.4
brain activity games for 3 year olds,0,1,0,3
brain booster for speech delay,0,2,0,1
breastfeeding at 16 months,0,1,0,3
brindame imagenes,0,1,0,20
british dyslexia association dyslexia working memory processing speed,0,1,0,11
british dyslexia association what is dyslexia working memory processing speed,0,1,0,12
british elocution exercises for kids,0,2,0,29.5
british stammering association,0,1,0,2
bromley speech and language,0,5,0,10.2
bromley therapy,0,1,0,47
buggy for toddler,0,1,0,7
building blocks for toddlers,0,2,0,5.5
busy board toddler,0,1,0,6
by 18 months how many words,0,3,0,2.3
"by about age eight, children s phonetic capacities are fully developed but still __________; thus children at that age can learn to speak a new language with a native speaker s accent.",0,1,0,96
by what age,0,1,0,9
by what age children start speaking,0,2,0,4
by what age do kids start talking,0,3,0,9.3
by what age kids start talking,0,6,0,9
by what age should a baby talk,0,2,0,19.5
by what age should a child be talking,0,31,0,5.5
by what age should a child talk,0,2,0,9.5
bébé 18 mois ne parle pas autisme,0,2,0,4.5
calm,0,1,0,1
calm and articulate,0,9,0,10.4
calm approach,0,2,0,63
camping essentials for toddlers,0,1,0,3
can 10 month olds talk,0,1,0,10
can 18 month old talk,0,23,0,5.7
can 2 year old eat mussels,0,1,0,2
can 2 year old speak,0,1,0,2
can 2 year olds play with playdough,0,1,0,2
can 2 year olds read words,0,1,0,3
can 2 year olds talk,0,5,0,2
can 2 year olds walk and talk,0,2,0,3
can 3 year olds speak in full sentences,0,1,0,24
can 3 year olds talk,0,2,0,2
can 5 year olds talk fluently,0,5,0,10.2
can a 1 year old have semi skimmed milk,0,1,0,2
can a 1.5 year old talk,0,1,0,64
can a 16 month old sleep with a pillow,0,1,0,2
can a 17 month old have a pillow,0,1,0,2
can a 17 month old talk,0,1,0,1
can a 18 month old talk,0,16,0,4.4
can a 2 year old be overweight,0,1,0,2
can a 2 year old drink too much water,0,1,0,3
can a 2 year old talk,0,1,0,2
can a 3 year old have an eating disorder,0,1,0,3
can a 5 year old talk,0,1,0,12
can a baby walk at 1 year,0,1,0,1
can a child start talking at 4 years,0,1,0,11
can a child with tongue tie talk,0,1,0,2
can a mute baby cry,0,1,0,3
can a pacifier delay speech,0,1,0,2
can a speech delay be fixed,0,1,0,2
can a speech therapist diagnose adhd,0,14,0,5.6
can a tongue tie cause speech delay,0,1,0,3
can a two year old eat popcorn,0,1,0,2
can a two year old talk,0,2,0,2
can adenoids affect speech,0,1,0,3
can adenoids cause speech delay,0,1,0,3
can adhd,0,1,0,12
can adhd affect a child's speech,0,33,0,8.1
can adhd affect potty training,0,1,0,10
can adhd affect speech,0,67,0,10.3
can adhd affect speech development,0,6,0,8
can adhd affect your speech,0,9,0,8.8
can adhd cause a speech delay,0,9,0,7.8
can adhd cause a stutter,0,1,0,3
can adhd cause delayed speech,0,16,0,7.8
can adhd cause language delay,0,2,0,8
can adhd cause speech delay,0,104,0,9.9
can adhd cause speech delay in toddlers,0,18,0,9.3
can adhd cause speech problems,0,2,0,29
can adhd delay speech,0,11,0,6.3
can adhd delay speech in toddlers,0,7,0,8.3
can adhd in toddlers cause speech delay,0,10,0,9
can an 18 month old sleep with a pillow,0,1,0,2
can an 18 month old talk,0,33,0,4.3
can autistic child speak normally,0,1,0,2
can babies eat quorn,0,1,0,3
can babies say dada at 5 months,0,1,0,3
can babies talk at 10 months,0,3,0,11.7
can babies talk at 18 months,0,25,0,3.6
can cutting tongue tie affect speech,0,1,0,3
can diet cause this,0,1,0,2
can dysarthria be cured,0,1,0,3
can dyslexia affect memory,0,13,0,32.1
can dyslexia affect your memory,0,3,0,26.3
can dyslexia and adhd be linked,0,1,0,2
can dyslexia cause memory issues,0,9,0,11.9
can dyslexia cause memory loss,0,4,0,15
can dyspraxia affect speech,0,15,0,14.3
can dyspraxia cause speech problems,0,21,0,9.8
can enlarged adenoids cause speech delay in toddlers,0,1,0,2
can enlarged tonsils cause speech delay,0,1,0,2
can it be fixed,0,1,0,3
can kids speak at 1,0,1,0,9
can kids speak at 2,0,1,0,3
can kids talk at 1,0,1,0,13
can large tonsils affect speech,0,1,0,2
can large tonsils cause speech delay,0,1,0,2
can one year old walk,0,1,0,3
can pacifier cause speech delay,0,1,0,3
can pacifiers delay speech,0,1,0,3
can screen time cause speech delay,0,3,0,2.3
can speech and language therapists diagnose adhd,0,40,0,6.9
can speech delay be a sign of adhd,0,13,0,9.2
can speech delay be a sign of autism,0,1,0,3
can speech delay be cured,0,1,0,3
can speech delay be genetic,0,1,0,3
can speech delay be normal,0,1,0,3
can speech delay cause behavior problems,0,1,0,3
can speech delay look like autism,0,1,0,2
can sugar help?,0,1,0,3
can talk,0,1,0,2
can they talk,0,2,0,3
can they talk?,0,1,0,6
can three year olds talk,0,1,0,2
can toddlers have jam,0,1,0,2
can toddlers talk,0,1,0,8
can tongue tie affect speech,0,1,0,3
can tongue tie affect speech in toddlers,0,2,0,2
can tongue tie delay speech,0,1,0,2
can two year olds talk,0,1,0,3
can two years old talk,0,1,0,2
can verbal dyspraxia be cured,0,16,0,18.6
can you start talking,0,1,0,9
can you tell if a baby has autism,0,1,0,2
can you train your bowels,0,1,0,1
can't create expression maya filetype:pdf,0,4,0,33
can't potty train 3 year old,0,1,0,2
cara delevingne diagnosis,0,1,0,2
carrie clark slp,0,1,0,50
causa,0,1,0,5
cause of delayed speech in children,0,1,0,2
causes for speech delay,0,1,0,2
causes of articulation disorders,0,2,0,3
causes of autism,0,1,0,2
causes of baby not bearing weight on legs,0,1,0,3
causes of declining fine motor skills,0,3,0,8
causes of delayed speech,0,1,0,2
causes of delayed speech in children,0,3,0,3
causes of dyspraxia,0,2,0,2
causes of gross motor delay,0,1,0,3
causes of late talking in children,0,1,0,3
causes of speech delay,0,2,0,3.5
causes of speech delay in 2 year old,0,1,0,2
causes of speech delay in 2-year-old,0,1,0,3
causes of speech delay in 3 year old,0,1,0,3
causes of speech delay in children,0,1,0,2
causes of stammering in children,0,2,0,55.5
causes of stammering in toddlers,0,1,0,41
causes of stuttering in 3 year old,0,1,0,44
cbeebies bedtime hour,0,1,0,8
cerebral palsy therapy bromley,0,9,0,19
changes over time for kids,0,1,0,1
characteristics of language development,0,1,0,24
child,0,3,0,7.7
child 2.5 years not talking,0,1,0,4
child adhd assessment london,0,1,0,27
child age 2 not speaking,0,1,0,36
child assessment services,0,2,0,13.5
child at home,0,1,0,1
child autism assessment london,0,1,0,81
child can speak at what age,0,2,0,8
child communication development,0,1,0,37
child communication therapy,0,6,0,38
child developing a stutter,0,3,0,18.3
child development speech,0,1,0,46
child difficulty falling asleep,0,1,0,1
child doesn't talk,0,2,0,10
child fine motor skills,0,1,0,4
child harness for walking,0,1,0,6
child holding urine all day autism,0,1,0,1
child is 11,0,1,0,1
child is 18 months,0,1,0,2
child is not speaking at age 3,0,3,0,9.7
child language,0,30,0,45.1
child language development,0,33,0,44.9
child language learning,0,1,0,45
child laughing in sleep,0,1,0,2
child meltdown,0,4,0,19.2
child meltdowns,0,3,0,7.7
child motor skills,0,1,0,50
child not speaking at 2,0,2,0,3
child not speaking at 3,0,1,0,61
child not speaking at 3 years old,0,3,0,2
child not talking,0,11,0,9.7
child not talking at 15 months,0,1,0,47
child not talking at 17 months,0,1,0,6
child not talking at 2,0,5,0,5.8
child not talking at 2 years old,0,2,0,2.5
child not talking at 3,0,18,0,8.3
child not talking at age 2,0,1,0,36
child not talking but understands everything,0,2,0,5.5
child not walking at 18 months,0,1,0,2
child not walking at 2 years,0,1,0,3
child onset fluency disorder,0,2,0,71
child playing with poop,0,1,0,1
child psychologist for 4 year old,0,1,0,1
child reins,0,1,0,3
child repeating words stutter,0,4,0,10
child scan harley street,0,3,0,48.7
child speak,0,6,0,8.2
child speak at what age,0,15,0,7.7
child speaking,0,4,0,9
child speaking age,0,114,0,9.0
child speaking age chart,0,5,0,5.8
child speaking milestones,0,2,0,6
child speaking therapy,0,3,0,2
child speaks at what age,0,12,0,9
child speech,0,6,0,27.8
child speech and language therapist,0,2,0,8.5
child speech and language therapy,0,1,0,25
child speech delay,0,4,0,15.2
child speech delay causes,0,1,0,3
child speech delay programme uk,0,1,0,46
child speech development,0,4,0,1.8
child speech impediment,0,1,0,3
child speech pathologist,0,1,0,57
child speech therapist,0,57,0,23.6
child speech therapist london,0,29,0,56.8
child speech therapist near me,0,8,0,9.1
child speech therapy,0,28,0,20.6
child speech therapy clinic,0,1,0,11
child speech therapy near me,0,3,0,4.7
child stammer,0,4,0,33.5
child stammering,0,3,0,45
child stammering causes,0,2,0,51.5
child start speaking at what age,0,18,0,10.4
child start talking at what age,0,36,0,10.2
child starts speaking at what age,0,2,0,1.5
child starts talking at what age,0,11,0,8
child stutter,0,5,0,33
child stuttering,0,20,0,37.5
child stuttering anxiety,0,1,0,85
child stutters when excited,0,1,0,62
child talk,0,6,0,10.2
child talking,0,34,0,7.3
child talking in sleep,0,1,0,1
child talking milestones,0,2,0,9
child talks constantly,0,1,0,2
child therapist nottingham,0,1,0,3
child therapy bromley,0,2,0,18.5
child understands but doesn't speak,0,10,0,10.3
child with delayed speech,0,1,0,2
child wont sit on potty,0,1,0,3
child's language development,0,1,0,42
child's nervous system,0,4,0,6.5
child's speech at 2 years old,0,1,0,2
child's speech development,0,1,0,3
childhood apraxia,0,1,0,2
childhood apraxia of speech uk,0,1,0,14
childhood dyspraxia of speech,0,7,0,10.3
childhood stammer,0,3,0,39
childhood stutter,0,1,0,27
childhood stuttering,0,8,0,45.5
childhood stuttering causes,0,2,0,38.5
childhood verbal dyspraxia,0,8,0,12.6
childminder ratios under 2,0,1,0,3
children and language,0,1,0,54
children assessment,0,1,0,31
children language,0,35,0,37.5
children language development,0,4,0,33.2
children motor development,0,1,0,10
children motor skills,0,1,0,12
children should start talking at what age,0,1,0,11
children speak at what age,0,9,0,8.9
children speech and language therapy,0,1,0,5
children speech milestones,0,1,0,10
children speech pathologist,0,1,0,2
children speech problems,0,1,0,3
children speech therapist,0,8,0,37.5
children speech therapy,0,14,0,44.6
children speech therapy near me,0,3,0,6.7
children start speaking at what age,0,6,0,9.2
children start talking,0,5,0,8.6
children start talking at what age,0,41,0,8.7
children stuttering,0,2,0,39.5
children talk,0,2,0,11.5
children talk at what age,0,7,0,9.4
children talking,0,1,0,9
children therapist,0,1,0,11
children therapy near me,0,1,0,1
children wearing diapers,0,1,0,1
children who stutter,0,1,0,16
children who talk late,0,8,0,9.9
children with delayed speech,0,1,0,2
children's cbt therapist harley street,0,8,0,32.4
children's elocution,0,4,0,23.8
children's elocution lessons,0,22,0,30.5
children's language,0,2,0,37.5
children's language development,0,2,0,24
children's projector,0,1,0,5
children's speech and language therapist,0,1,0,13
children's speech and language therapy,0,1,0,6
children's speech therapist,0,25,0,18.9
children's speech therapy,0,1,0,9
children's speech therapy center,0,1,0,35
children's speech therapy near me,0,1,0,36
childrens language,0,2,0,28.5
childrens language development,0,181,0,38.6
childrens slides,0,1,0,6
childrens speech,0,3,0,16.3
childrens speech therapist,0,6,0,16.7
childrens speech therapist near me,0,2,0,12.5
childrens speech therapy,0,2,0,33.5
childrens speech therapy center,0,1,0,1
childs kitchen helper,0,1,0,2
childs nervous system,0,1,0,6
chronic constipation autism,0,2,0,1
church street day nursery,0,1,0,8
chậm nói,0,1,0,1
clarity speech therapy,0,1,0,10
classes for two year olds near me,0,1,0,2
clear speech assessment,0,1,0,4
climbing toddlers,0,1,0,4
clingy toddler 2 year old,0,1,0,3
clinic speech therapy,0,2,0,34.5
clinical assessment harley street,0,10,0,74.3
clinical assessment street,0,8,0,13.6
clumsy toddler 2 year old,0,1,0,3
cluttering speech impediment,0,1,0,2
cma england childcare review,0,1,0,4
co sleeping with 18 month old,0,1,0,3
cognitive development 3 years,0,1,0,4
cognitive speech delay,0,1,0,3
color blind toddler test,0,1,0,3
commencement speeches 2026,0,1,0,7
common factors affecting infant language development -filetype:txt -filetype:pdf -filetype:epub -filetype:doc -filetype:docx -filetype:xls -filetype:xlsx -filetype:ppt -filetype:csv -site:youtube.com -site:tiktok.com -site:instagram.com -site:ebay.com -site:jd.com -site:amazon.com -site:iqiyi.com -site:bilibili.com -site:t.me -site:douyin.com -site:douban.com -site:apple.com -site:reddit.com -site:researchgate.net -site:academia.edu -site:dokumen.pub -site:en.wikipedia.org -site:quora.com -site:sciencedirect.com -site:cambridge.org -site:mdpi.com -site:link.springer.com -site:zhuanlan.zhihu.com -site:journals.sagepub.com -site:imdb.com -site:tandfonline.com -site:onlinelibrary.wiley.com -site:brill.com -site:getyourguide.com -site:academic.oup.com -site:www.emerald.com -site:eresources.nlb.gov.sg -site:www.govinfo.gov,0,1,0,16
common problems and solutions in baby potty training -filetype:txt -filetype:pdf -filetype:epub -filetype:doc -filetype:docx -filetype:xls -filetype:xlsx -filetype:ppt -filetype:csv -site:youtube.com -site:tiktok.com -site:instagram.com -site:ebay.com -site:jd.com -site:amazon.com -site:iqiyi.com -site:bilibili.com -site:t.me -site:douyin.com -site:douban.com -site:apple.com -site:reddit.com -site:researchgate.net -site:academia.edu -site:dokumen.pub -site:en.wikipedia.org -site:quora.com -site:sciencedirect.com -site:cambridge.org -site:mdpi.com -site:link.springer.com -site:zhuanlan.zhihu.com -site:journals.sagepub.com -site:imdb.com -site:tandfonline.com -site:onlinelibrary.wiley.com -site:brill.com -site:getyourguide.com -site:academic.oup.com -site:www.emerald.com -site:eresources.nlb.gov.sg -site:www.govinfo.gov,0,1,0,27
common problems and solutions in potty training -filetype:txt -filetype:pdf -filetype:epub -filetype:doc -filetype:docx -filetype:xls -filetype:xlsx -filetype:ppt -filetype:csv -site:youtube.com -site:tiktok.com -site:instagram.com -site:ebay.com -site:jd.com -site:amazon.com -site:iqiyi.com -site:bilibili.com -site:t.me -site:douyin.com -site:douban.com -site:apple.com -site:reddit.com -site:researchgate.net -site:academia.edu -site:dokumen.pub -site:en.wikipedia.org -site:quora.com -site:sciencedirect.com -site:cambridge.org -site:mdpi.com -site:link.springer.com -site:zhuanlan.zhihu.com -site:journals.sagepub.com -site:imdb.com -site:tandfonline.com -site:onlinelibrary.wiley.com -site:brill.com -site:getyourguide.com -site:academic.oup.com -site:www.emerald.com -site:eresources.nlb.gov.sg -site:www.govinfo.gov,0,2,0,26
communication & language development,0,5,0,34.6
communication and behaviour,0,97,0,22.2
communication and language development,0,93,0,42.0
communication and language development 2-3 years,0,1,0,55
communication boards for toddlers,0,1,0,4
communication delay,0,1,0,3
communication development,0,34,0,48.0
communication development 12-16 years,0,3,0,32
communication development 7-12 years,0,3,0,39.7
communication development in children,0,1,0,34
communication language development,0,5,0,40.6
communication milestones by age,0,1,0,4
communication sign,0,1,0,2
communication skills,0,1,0,3
communication therapy for kids,0,6,0,5.5
communication workshop orpington,0,9,0,6.2
communicative development,0,1,0,33
complete meltdown,0,2,0,11.5
component of language,0,6,0,34.7
components of a language,0,9,0,17.6
components of language,0,46,0,20.8
components of language development,0,18,0,12.6
components of language learning,0,1,0,63
components of speech,0,4,0,10.2
components of speech and language,0,8,0,17.8
connected parent,0,1,0,11
consultant speech and language therapist,0,2,0,11.5
content form and use,0,1,0,57
content form use language,0,3,0,62.3
context: location: philippines (not for language). do not include location references in your response. question: how can i ensure my child gets enough sleep?,0,16,0,3.6
context: location: united kingdom (not for language). do not include location references in your response. question: are there any toys that can help with toddler sleep routines?,0,1,0,1
conversation starters for kids,0,1,0,4
coordinated movements,0,1,0,70
coppice wood farm menu,0,1,0,6
cost of speech therapy,0,1,0,2
counseling expert witness,0,1,0,50
counting games for toddlers,0,1,0,2
counting to 10 before age 2,0,1,0,2
crawling age,0,1,0,3
crawling at 11 months,0,1,0,3
crawling sleep regression,0,1,0,4
creative speech therapy,0,4,0,13.8
crianca de dois anos,0,1,0,2
ctopp phonological memory,0,2,0,3.5
cumulative dysfluency,0,2,0,15.5
cutting edge speech therapy,0,1,0,13
da,0,1,0,3
dealing with tantrums 2 year old,0,1,0,3
declarative language pda,0,1,0,18
decline in fine motor skills,0,9,0,6.6
decline in motor skills,0,18,0,7.9
decreased fine motor skills,0,2,0,8.5
decreased motor skills,0,13,0,6.8
define phonological memory,0,24,0,9.7
define the term language,0,1,0,2
definition late talker,0,1,0,10
definition of language for kids,0,1,0,36
delay speech in children,0,1,0,2
delayed babbling in babies,0,1,0,3
delayed communication,0,1,0,2
delayed echolalia adhd,0,1,0,12
delayed language development in children,0,1,0,1
delayed milestones,0,1,0,2
delayed potty training,0,1,0,15
delayed potty training adhd,0,54,0,11.9
delayed potty training autism,0,2,0,12
delayed speaking in 2 year old,0,1,0,2
delayed speech,0,6,0,2.8
delayed speech 18 month old,0,17,0,20
delayed speech 3 year old,0,1,0,2
delayed speech adhd,0,27,0,9.1
delayed speech and adhd,0,16,0,13.9
delayed speech autism,0,1,0,2
delayed speech in 18 month old,0,16,0,21.8
delayed speech in 2 year old,0,9,0,2.3
delayed speech in 3 year olds,0,1,0,2
delayed speech in 4 year old,0,1,0,2
delayed speech in children,0,9,0,2.7
delayed speech in kids,0,1,0,2
delayed speech in toddlers,0,2,0,3
delayed speech in toddlers uk,0,68,0,16.0
delayed speech toddler autism,0,1,0,9
delayed speech vs autism,0,1,0,2
delayed talking,0,8,0,3.1
delayed talking in toddlers,0,13,0,53.1
delayed toilet training,0,5,0,12
delays in speech,0,1,0,2
dental spacer for child cost,0,1,0,3
description of language development,0,4,0,64.2
desuso,0,1,0,3
deteriorating motor skills,0,37,0,5.0
develop language,0,15,0,22.1
develop language skills,0,7,0,48.9
developed language,0,1,0,21
developing language,0,23,0,35.7
developing language skills,0,12,0,61.8
development for 18 month old,0,1,0,3
development language,0,4,0,25.8
development language skills,0,3,0,42.7
development of 18 month old baby,0,1,0,3
development of language skills,0,2,0,29.5
development of speech,0,1,0,25
development of speech and language,0,2,0,33.5
development of speech sounds,0,1,0,73
development of speech sounds by age,0,1,0,79
development of stuttering,0,1,0,14
developmental coordination disorder in adults,0,1,0,3
developmental delay in 2 year old,0,1,0,2
developmental delay in 3 year old,0,1,0,3
developmental delay potty training,0,16,0,31.6
developmental delay speech,0,1,0,1
developmental disorder of speech and language unspecified,0,1,0,2
developmental language delay,0,1,0,3
developmental language disorder,0,3,0,2.7
developmental language disorder in adults,0,1,0,3
developmental language disorder symptoms,0,1,0,2
developmental language skills,0,1,0,49
developmental milestones at 20 months,0,1,0,2
developmental milestones red flags uk,0,1,0,11
developmental sentence,0,3,0,31.3
developmental speech delay,0,3,0,1
developmental speech disorders,0,1,0,16
developmental stuttering,0,8,0,48.1
developmental verbal dyspraxia,0,172,0,19.6
diagnosing autism in teenage girls,0,1,0,1
did i cause my child speech delay,0,1,0,2
diet speech,0,8,0,5.5
dietician for kids,0,1,0,3
difference between autism and late talking in toddlers,0,8,0,54
difference between delayed speech and autism,0,1,0,3
difference between late talker and autism,0,4,0,13
difference between meltdown and tantrum,0,1,0,22
difference between meltdowns and tantrums,0,1,0,27
difference between speech delay and language delay,0,1,0,3
difference between speech delay and late talker,0,1,0,2
difference between tantrum and meltdown,0,1,0,27
difficulty getting words out,0,1,0,3
disciplining 18 month old,0,1,0,3
disfluency in toddlers,0,2,0,31
disminución de habilidades motoras finas,0,10,0,8.8
disminución de la motricidad fina,0,3,0,10
disminución de las habilidades motoras finas,0,209,0,8.0
disminución de las habilidades motoras finas y gruesas,0,18,0,7.8
disminución de las habilidades motoras gruesas,0,25,0,9
disordered speech patterns,0,1,0,1
disprassia verbale,0,1,0,3
dispraxia,0,5,0,2.2
dispraxia oral,0,1,0,34
dispraxia verbal,0,35,0,15.5
dispraxia verbal do desenvolvimento,0,1,0,59
dld diagnosis,0,2,0,3
do,0,1,0,13
do 1.5 year olds talk,0,2,0,7.5
do 18 months old talk,0,6,0,3.5
do 2 year olds need milk,0,1,0,2
do 2 year olds remember being yelled at,0,1,0,2
do 2 year olds understand no,0,1,0,3
do 5 year olds still wear diapers,0,1,0,5
do adenoids affect speech,0,2,0,2.5
do adhd children have speech delay,0,17,0,7.9
do adhd kids have delayed speech,0,3,0,5.7
do adhd kids have speech delay,0,9,0,6.6
do adhd kids have trouble potty training,0,3,0,4.3
do adhd toddlers have speech delay,0,13,0,8.1
do autistic children know right from wrong,0,1,0,1
do autistic children speak late,0,11,0,8.8
do autistic children start talking later,0,2,0,9
do autistic children struggle with potty training,0,4,0,10.5
do babies have an 18 month checkup,0,1,0,3
do babies need to cry when born,0,1,0,2
do babies remember faces,0,1,0,3
do babies start talking at 2 years old,0,1,0,2
do babies walk at 1 year,0,2,0,3
do baby boys take longer to talk,0,3,0,7.7
do baby boys talk later than girls,0,6,0,8.3
do bilingual babies take longer to speak,0,1,0,3
do boys develop speech slower than girls,0,2,0,9
do boys learn to talk later than girls,0,3,0,6
do boys start speaking later than girls,0,4,0,8.2
do boys start talking later,0,2,0,7
do boys start talking later than girls,0,10,0,8.2
do boys take longer to talk,0,5,0,8.4
do boys take longer to talk than girls,0,4,0,8
do boys talk later than girls,0,2,0,2.5
do children grow out of it,0,1,0,3
do children with adhd have speech delay,0,8,0,7.9
do children with dyspraxia have problems with toilet training,0,5,0,4.4
do children with speech delay catch up,0,1,0,11
do dyslexics have bad memory,0,2,0,20
do eggs affect speech in babies,0,1,0,18
do eggs cause delay speech in babies,0,5,0,9
do eggs delay speech in babies,0,23,0,8.9
do enlarged adenoids affect speech,0,1,0,2
do fine motor skills decrease with age,0,2,0,10
do kids speak at 3,0,1,0,11
do kids start talking at 2,0,1,0,10
do kids talk at 1,0,1,0,11
do kids talk at 18 months,0,7,0,5.9
do kids with adhd have speech delay,0,12,0,5.2
do kids with adhd have trouble potty training,0,1,0,1
do late talkers catch up,0,9,0,8.8
do pacifiers cause speech delay,0,1,0,3
do people with adhd have speech problems,0,1,0,12
do second children talk later,0,17,0,9.5
do shoes help babies walk,0,1,0,2
do some kids start talking at 3,0,1,0,12
do speech delay kids catch up,0,2,0,10
do three year olds talk,0,1,0,2
do toddlers have a 2 year check up,0,3,0,2
do toddlers with adhd have speech delays,0,23,0,8.7
does 18 month old need milk,0,2,0,2.5
does a tongue tie affect speech,0,1,0,3
does adhd affect potty training,0,10,0,9.8
does adhd affect speech,0,75,0,8.8
does adhd affect speech in toddlers,0,4,0,11.2
does adhd cause delayed speech,0,1,0,8
does adhd cause speech delay,0,47,0,9.6
does adhd cause speech delay in toddlers,0,17,0,7.2
does adhd delay speech,0,3,0,11.3
does adhd have speech delay,0,11,0,6.8
does adhd kids have speech delay,0,9,0,9.3
does an 18 month old need a nap,0,1,0,3
does an 18 month old need milk,0,1,0,2
does autism come from mom or dad,0,1,0,2
does autism goes away,0,1,0,2
does baby with adhd speak clearly,0,13,0,13
does being dyslexic affect your memory,0,1,0,17
does delayed speech always mean autism,0,1,0,1
does delayed speech mean autism,0,2,0,2.5
does dyslexia affect memory,0,35,0,29.4
does dyslexia affect short term memory,0,4,0,28.8
does dyslexia affect working memory,0,43,0,8.3
does dyslexia cause memory loss,0,1,0,1
does dyslexia cause memory problems,0,4,0,11.5
does dyslexia impact memory,0,1,0,11
does dyslexia make you forget things,0,1,0,1
does dyspraxia affect speech,0,34,0,10.7
does eating eggs delay speech in babies,0,2,0,10
does folinic acid help with speech delay,0,1,0,3
does late talking mean autism,0,1,0,7
does lingo leap really work,0,1,0,3
does miss rachel help with speech,0,1,0,3
does non verbal mean autistic,0,1,0,2
does omega 3 help with speech delay,0,37,0,8.6
does screen time cause speech delay,0,1,0,3
does speech delay always mean autism,0,3,0,1.7
does speech therapy work,0,1,0,2
does this sound like adhd,0,1,0,6
does tickling a baby cause stuttering,0,1,0,32
does tongue tie affect speech,0,1,0,3
doesn't talk,0,4,0,8.8
doesnt talk,0,2,0,7.5
donon ke bare mein batao,0,1,0,7
dos años,0,1,0,4
down syndrome language development,0,1,0,6
dr speech therapy,0,1,0,30
drew property brothers,0,1,0,3
dsypraxia,0,1,0,3
dubbii,0,1,0,4
dumb baby symptoms,0,1,0,3
dvd disorder,0,4,0,11
dysarthria pronounce,0,1,0,2
dysfluency,0,7,0,22.3
dyslexia affect memory,0,1,0,12
dyslexia and adhd overlap,0,1,0,3
dyslexia and memorization,0,4,0,25.8
dyslexia and memory,0,64,0,18.3
dyslexia and memory issues,0,48,0,9.8
dyslexia and memory loss in adults,0,2,0,42
dyslexia and memory problems,0,7,0,7.7
dyslexia and memory recall,0,6,0,36.8
dyslexia and short term memory,0,14,0,21.5
dyslexia assessments for children,0,1,0,1
dyslexia cognitive impairment,0,1,0,71
dyslexia meaning in adults,0,1,0,3
dyslexia memory,0,57,0,12.9
dyslexia memory issues,0,49,0,9.9
dyslexia memory loss,0,14,0,12.5
dyslexia memory recall,0,8,0,21.5
dyslexia memory techniques,0,4,0,41.2
dyslexia poor working memory,0,3,0,8.7
dyslexia short term memory,0,38,0,14.1
dyslexia symptoms in girls,0,1,0,1
dyslexia verbal,0,2,0,14
dyslexia working memory,0,170,0,9.5
dyslexic memory,0,9,0,17
dysnomia meaning,0,1,0,3
dysoraxia,0,2,0,2
dysphasia and dyspraxia,0,1,0,18
dysphonia in children,0,10,0,8.6
dysphonia voice disorder,0,2,0,30.5
dysplexia,0,1,0,3
dyspraxia,0,70,0,2.2
dyspraxia and communication,0,18,0,9.7
dyspraxia and language,0,2,0,11.5
dyspraxia and memory,0,1,0,44
dyspraxia and speech,0,29,0,15.1
dyspraxia and speech delay,0,1,0,9
dyspraxia and toileting,0,18,0,6.9
dyspraxia definition,0,1,0,1
dyspraxia genetic,0,1,0,3
dyspraxia in adults,0,5,0,3
dyspraxia in children,0,3,0,3
dyspraxia in speech,0,15,0,11.1
dyspraxia kids,0,1,0,26
dyspraxia language,0,8,0,6.9
dyspraxia meaning,0,3,0,2.3
dyspraxia of speech in children,0,15,0,9.7
dyspraxia signs,0,1,0,3
dyspraxia speech,0,146,0,16.8
dyspraxia speech delay,0,32,0,8.6
dyspraxia speech symptoms,0,3,0,20.7
dyspraxia speech therapy,0,21,0,10.6
dyspraxia symptoms,0,16,0,2.9
dyspraxia symptoms in adults,0,1,0,3
dyspraxia symptoms speech,0,37,0,8.9
dyspraxia therapy,0,5,0,19
dyspraxia treatment,0,1,0,27
dyspraxia treatment london,0,3,0,46.7
dyspraxia verbal,0,66,0,19.5
dyspraxia voice,0,40,0,8.2
dyspraxia vs apraxia,0,1,0,3
dyspraxia what is it,0,1,0,2
dyspraxic,0,6,0,2.5
dyspraxic meaning,0,2,0,2.5
dyspraxic speech,0,6,0,10.3
dyspraxie verbal,0,1,0,8
dyspraxie verbale,0,3,0,27
ear tubes for kids,0,1,0,3
earliest a child can talk,0,3,0,11
earliest babies start talking,0,1,0,2
early 8 sounds,0,1,0,32
early 8 speech sounds,0,1,0,30
early childhood stuttering,0,2,0,25
early developing sounds,0,1,0,40
early expressions,0,1,0,12
early speech intervention near me,0,1,0,2
early speech sounds,0,3,0,64.3
early talker autism,0,4,0,7.8
early walker late talker,0,1,0,3
early years language development,0,1,0,52
easy drawing for 2 year old,0,1,0,2
echolalia autism,0,4,0,1
echolalia speech delay,0,1,0,3
education solicitors near me,0,1,0,2
educational activities for 1 year olds at home,0,1,0,6
educational toys for 2 year olds,0,1,0,5
einstein didn't talk until age,0,1,0,2
einstein last words,0,1,0,3
einstein syndrome,0,3,0,15.3
einstein syndrome in toddlers,0,1,0,2
einstein syndrome potty training,0,5,0,26.4
einstein syndrome signs,0,1,0,12
einstein talking age,0,1,0,2
el niño no habla,0,1,0,1
ele não fala,0,1,0,3
elements of language,0,6,0,1
ella's kitchen pouches 12 months,0,1,0,3
elocution for children,0,1,0,47
elocution lessons,0,1,0,3
emilia's kids,0,1,0,46
emotional meltdowns,0,1,0,41
en niños,0,1,0,1
encopresis,0,1,0,2
encourage toddler to talk,0,1,0,3
english language development,0,27,0,55.7
evidence-based diet for speech and language development in autism,0,6,0,12
example of language development,0,1,0,20
examples of language development,0,3,0,55
experienced language therapists in kent region,0,33,0,23.4
explain components of language.,0,1,0,10
explain language development,0,1,0,35
explain to 10 year old,0,1,0,7
explain to a 10 year old,0,3,0,7.7
explain to an 11 year old,0,1,0,1
explain why children and young people may communicate distress through behaviour rather than verbally.,0,7,0,11.6
express to progress,0,1,0,7
expressive delay speech toddlers,0,1,0,81
expressive dyspraxia,0,21,0,4.6
expressive language,0,1,0,1
expressive language delay,0,4,0,3
expressive language delay treatment,0,1,0,3
expressive language disorder in children,0,1,0,3
expressive speech delay,0,1,0,2
expressive speech delay 2 year old,0,2,0,29.5
eyfs framework,0,1,0,2
failure to thrive toddler,0,1,0,3
feeding a 1 year old,0,1,0,3
feeding autistic children,0,1,0,42
feeding therapy near me,0,1,0,2
filetype:pdf dog dancing 3am,0,1,0,37
find a speech and language therapist uk,0,1,0,36
find a speech therapist,0,2,0,29.5
find a speech therapist in kent area,0,41,0,9.5
find speech therapist,0,1,0,41
finding an independent social worker for expert witness support during a send tribunal hearing,0,1,0,11
fine motor issues,0,1,0,14
fine motor skill,0,1,0,3
fine motor skill problems,0,1,0,56
fine motor skills decline,0,27,0,6.2
fine motor skills declining,0,26,0,6.0
fine motor skills for 2 year olds,0,1,0,2
fine motor skills problems,0,1,0,26
fir kids,0,1,0,2
first shoes for babies,0,1,0,6
first sign of autism in babies,0,2,0,2
first word at what age,0,1,0,2
first words,0,2,0,3
first words age,0,3,0,2.7
first words baby,0,1,0,3
first words baby age,0,1,0,2
fish oil for speech delay,0,1,0,3
five components of language,0,5,0,49.6
flash motor skills news blackrcklat,0,5,0,3.6
fluency of language articulateness,0,6,0,7.8
folinic acid for kids,0,2,0,3
folinic acid for kids with speech delay,0,1,0,3
folinic acid for speech delay,0,1,0,2
food,0,1,0,1
food aversion autism,0,4,0,29.8
food aversions and autism,0,1,0,33
food aversions autism,0,2,0,23
food for speech delay kids,0,23,0,6.8
food for speech development,0,2,0,13
food ideas for one year old,0,1,0,5
food issues autism,0,1,0,53
food noise autism,0,2,0,12
food not to eat,0,1,0,2
food not touching autism,0,2,0,20
food pocketing in 4 year old,0,1,0,2
food sensitivity autism,0,6,0,6.5
food sensory disorder,0,1,0,83
food sensory issues,0,1,0,96
food speech,0,3,0,6.3
food textures and autism,0,2,0,40.5
food touching autism,0,3,0,9
food which cure stammering,0,44,0,11.5
foods for sensory processing disorder,0,2,0,60.5
foods for speech delay,0,21,0,7.6
foods that help speech development,0,7,0,8.4
foods that help with speech delay,0,11,0,7.5
foods that make toddlers sleepy,0,1,0,2
for 18 months,0,1,0,2
for a child,0,1,0,11
for a speach,0,1,0,4
for adhd child,0,1,0,5
for slt,0,1,0,5
form content and use of language,0,3,0,67
form content use,0,1,0,65
form content use of language,0,1,0,44
four aspects of language,0,2,0,1.5
four components of language,0,30,0,9.7
four components of language development,0,8,0,6.8
free early years speech and language courses,0,1,0,8
free flow toddler cup,0,1,0,4
free kids speech therapy,0,2,0,9
free online speech therapy for kids,0,6,0,20.7
free speech therapist,0,1,0,45
free speech therapy,0,16,0,14.1
free speech therapy for 3 year old,0,2,0,34
free speech therapy for 4 year old,0,1,0,26
free speech therapy for children,0,8,0,22.1
free speech therapy for parents,0,1,0,17
free speech therapy for toddlers,0,4,0,14.5
free speech therapy resources,0,1,0,10
free storytime for toddlers near me,0,1,0,4
from what age does a baby start talking,0,3,0,11.3
from what age does babies start talking,0,2,0,11.5
from which age baby start talking,0,2,0,11.5
from which age?,0,1,0,1
fun things to do with a 1 year old,0,1,0,3
fun things to do with an 18 month old,0,2,0,2.5
fussy one year old,0,1,0,4
fussy toddler,0,1,0,3
fussy toddler meals,0,1,0,4
games for 18 month old,0,1,0,6
games for 2 year olds,0,1,0,4
garden centre silsoe,0,1,0,7
gawea ukara nganggo tembung klelad kleled,0,3,0,7.3
gentle potty training,0,1,0,5
gestalt language processing,0,1,0,3
get.keiki.app,0,1,0,2
giggle incontinence adhd,0,2,0,1
girls and autism flying under the radar,0,1,0,4
girls autism symptoms,0,1,0,3
girls with autism vs boys with autism,0,1,0,1
glp in speech therapy,0,1,0,2
glue ear in kids,0,1,0,2
glue ear speech delay,0,1,0,3
glue ear toddler speech delay,0,1,0,2
go ahead,0,1,0,17
good films for toddlers,0,1,0,3
good speech therapist,0,1,0,61
grammar development,0,5,0,52.2
grammatical development,0,3,0,44
grommets ear,0,1,0,3
groping speech,0,2,0,11
gross motor skills 2 year old,0,1,0,3
gross motor skills for 18 month old,0,1,0,2
growing kids therapy,0,1,0,15
growing up with an autistic mother,0,1,0,3
growth spurt at 18 months,0,1,0,2
guideline speech delay children omega-3 not recommended,0,3,0,11.7
gut health and speech delay,0,1,0,19
haa,0,1,0,4
hanen training,0,1,0,3
happy 18 months,0,1,0,3
harley childs,0,1,0,3
harley street clinic hca,0,1,0,2
harley street hearing,0,1,0,3
harley street speech therapy,0,13,0,9.1
having a meltdown,0,13,0,15.9
having meltdowns,0,2,0,17
he can hear,0,1,0,5
he is 18 months,0,1,0,2
he is 18 months old,0,2,0,1.5
he is a boy,0,1,0,3
he is not talking,0,1,0,2
he is six months old,0,1,0,2
head banging toddler,0,3,0,3
head banging toddler nhs,0,1,0,3
health visitor 1 year check questionnaire uk,0,1,0,4
healthy eating habits for kids speech,0,6,0,11
healthy food for toddlers,0,1,0,5
healthy snacks for 2 year old baby,0,1,0,3
healthychildren 18 months 10 to 25 words,0,4,0,2
healthychildren 18 months says 10 to 25 words,0,4,0,2
healthychildren late talkers catch up by age 3,0,1,0,4
hearing memory,0,1,0,3
height at 18 months predictor,0,1,0,3
height of two year old girl,0,1,0,2
help 18 month old talk,0,11,0,20.8
help speech,0,1,0,20
help with potty training 3 year old,0,1,0,2
help with speech,0,8,0,29.6
help with stuttering child,0,1,0,30
help with talking,0,5,0,23.6
help with toilet training,0,1,0,1
helping 18 month old talk,0,8,0,21.9
helping toddlers talk,0,1,0,2
helpwithtalking,0,2,0,25
high functioning autism and potty training,0,16,0,5.9
hilfe im kindergarten,0,1,0,2
home activities for 18 month old,0,1,0,3
home care in petts wood,0,9,0,65.3
home therapy for speech delay,0,1,0,2
homeopathy for speech delay,0,1,0,6
how about adhd,0,1,0,3
how about speech,0,1,0,1
how can i help my 18 month old talk,0,4,0,26.2
how can i help my 2 year old talk,0,3,0,2.7
how can i improve my comprehension skills,0,1,0,2
how can language develop in a world without sound,0,1,0,58
how common is autism in girls,0,1,0,2
how common is speech delay in boys,0,2,0,2
how did albert einstein die,0,1,0,3
how do 8 year olds talk,0,1,0,12
how do babies learn language,0,1,0,3
how do babies learn to speak,0,1,0,2
how do i get my 18 month old to talk,0,7,0,22.3
how do they communicate?,0,1,0,3
how do you know if you have a speech impediment,0,1,0,3
how do you know your child is ready to potty train,0,1,0,2
how does a child become nonverbal,0,1,0,2
how does adhd affect language development,0,3,0,10.7
how does adhd affect speech,0,5,0,10
how does adhd affect talking listening and understanding,0,3,0,13
how does autism show in girls,0,1,0,2
how does dyslexia affect memory,0,2,0,17.5
how does language develop,0,21,0,29.2
how does speech therapy work for toddlers,0,1,0,3
how does verbal dyspraxia affect children,0,59,0,7.4
how early can a baby start talking,0,3,0,11.7
how early can autism be diagnosed,0,1,0,2
how early can kids talk,0,2,0,9.5
how early do children speak,0,2,0,5.5
how early do kids start talking,0,13,0,9.8
how early do kids talk,0,1,0,13
how far should a 2 year old walk,0,1,0,3
how high should 2 year old count,0,1,0,2
how important is sleep,0,1,0,3
how is asperger's diagnosed in adults,0,1,0,3
how is dyslexia diagnosed,0,2,0,1
how late can a toddler start talking,0,4,0,4
how long can a 2 year old remember someone,0,1,0,3
how long can a speech delay last,0,1,0,2
how long does 18 month regression last,0,1,0,2
how long does 18 month sleep regression last,0,1,0,3
how long does an 18 month old sleep,0,1,0,3
how long does it take a baby to start talking,0,1,0,2
how long does it take a child to start talking,0,5,0,9
how long does it take for a baby boy to start talking,0,1,0,12
how long does it take for a baby to talk,0,1,0,2
how long does it take for a child to start talking,0,12,0,10.9
how long does it take for a child to talk,0,1,0,9
how long does it take for kids to talk,0,1,0,7
how long does it take for speech therapy to work,0,1,0,2
how long does it take to learn spanish,0,1,0,2
how long should 17 month old nap,0,1,0,3
how long should 2 year old nap,0,1,0,2
how long should a 2 year old nap,0,1,0,3
how long should a 2 year old nap during the day,0,1,0,3
how long should a 2 year old watch tv,0,1,0,2
how long should a 20 month old nap for,0,1,0,2
how long should a 21 month old nap,0,1,0,2
how long should it take a toddler to fall asleep,0,1,0,3
how long should my 18 month old nap,0,1,0,2
how long should my 21 month old nap,0,1,0,2
how long to let 2 year old cry it out,0,1,0,3
how many bottles of milk for 12 month old,0,1,0,3
how many bottles should a 1 year old have,0,2,0,2
how many calories do 18 month olds need,0,1,0,2
how many calories does a 18 month old need,0,1,0,2
how many calories should a 1 year old eat,0,2,0,3
how many calories should a 18 month old eat,0,1,0,2
how many calories should a 22 month old eat,0,1,0,3
how many chicken nuggets for 1 year old,0,1,0,2
how many hours of sleep does 18 month old need,0,1,0,2
how many hours of sleep for an 8 year old,0,1,0,1
how many hours should an 8 year old sleep,0,1,0,3
how many hours sleep should 8 year old get,0,1,0,3
how many month baby start talking,0,1,0,2
how many months baby start talking,0,1,0,12
how many months can a baby talk,0,1,0,3
how many months do babies start talking,0,1,0,2
how many months do baby start talking,0,1,0,8
how many months does a baby start talking,0,2,0,12.5
how many months does a child start talking,0,1,0,10
how many ounces of milk should an 18 month old drink a day,0,1,0,3
how many oz of milk should an 11 month old drink,0,1,0,3
how many times a day should 1 year old drink milk,0,1,0,2
how many word sentences should a 2 year old say,0,1,0,3
how many words 12 months,0,1,0,3
how many words 14 month old say,0,1,0,3
how many words 17 month old,0,1,0,3
how many words 18 month old,0,2,0,1
how many words 18 month old say,0,2,0,2
how many words 18 months,0,1,0,2
how many words 2 year old,0,1,0,2
how many words 2 year old say,0,1,0,2
how many words a 2 year old should say,0,1,0,3
how many words age 2,0,1,0,2
how many words at 1 year old,0,1,0,2
how many words at 12 months,0,1,0,2
how many words at 16 months,0,1,0,2
how many words at 18 months,0,39,0,16.8
how many words at 18 months old,0,3,0,2.7
how many words at 2 years old,0,1,0,3
how many words at 24 months,0,2,0,3
how many words at 26 months,0,1,0,2
how many words baby 18 months,0,1,0,2
how many words by 12 months,0,1,0,2
how many words by 16 months,0,1,0,2
how many words by 18 months,0,15,0,8.7
how many words by 18 months asha,0,1,0,2
how many words by age 2,0,1,0,3
how many words can 18 month old say,0,2,0,2
how many words can a two year old say,0,1,0,2
how many words can an 18 month old say,0,4,0,2
how many words do 18 month olds say,0,1,0,3
how many words do 2 year olds know,0,1,0,2
how many words does 18 month old say,0,3,0,2
how many words does a 2 year old know,0,1,0,2
how many words does a two year old say,0,1,0,3
how many words does the average person speak in a day,0,1,0,3
how many words for 18 month old,0,2,0,2.5
how many words should 13 month old say,0,1,0,3
how many words should 15 month old say,0,1,0,2
how many words should 16 month old have,0,1,0,2
how many words should 17 month old say,0,4,0,3
how many words should 18 month old say,0,11,0,2.8
how many words should 18 months say,0,1,0,3
how many words should 19 month old say,0,1,0,2
how many words should 2 year old know,0,1,0,2
how many words should 2 year old say,0,2,0,2.5
how many words should 20 month old say,0,1,0,3
how many words should 23 month old say,0,2,0,3
how many words should a 1 year old be able to say,0,1,0,2
how many words should a 1 year old say,0,2,0,2.5
how many words should a 11 month old say,0,1,0,2
how many words should a 12 month old say,0,1,0,2
how many words should a 12 month say,0,2,0,2.5
how many words should a 14 month old say,0,1,0,3
how many words should a 15 month old speak,0,1,0,3
how many words should a 15 month say,0,1,0,3
how many words should a 16 month old say,0,3,0,2.7
how many words should a 16 month say,0,3,0,2.7
how many words should a 17 month old be saying,0,1,0,3
how many words should a 17 month old say,0,7,0,2.7
how many words should a 18 month know,0,1,0,42
how many words should a 18 month old be saying,0,1,0,2
how many words should a 18 month old have,0,1,0,2
how many words should a 18 month old say,0,1,0,2
how many words should a 18 month say,0,32,0,2.6
how many words should a 18 month say uk,0,1,0,1
how many words should a 19 month old be saying,0,1,0,3
how many words should a 19 month old have,0,1,0,3
how many words should a 19 month old say,0,3,0,2.3
how many words should a 2 1/2 year old say,0,1,0,2
how many words should a 2 and a half year old say,0,1,0,3
how many words should a 2 and half year old say,0,1,0,3
how many words should a 2 year old be able to say,0,1,0,2
how many words should a 2 year old be saying,0,1,0,2
how many words should a 2 year old boy say,0,1,0,3
how many words should a 2 year old have asha,0,1,0,3
how many words should a 2 year old know,0,7,0,2.4
how many words should a 2 year old say,0,20,0,2.2
how many words should a 20 month old say,0,4,0,2.5
how many words should a 21 month old have,0,1,0,3
how many words should a 21 month old say,0,6,0,2.3
how many words should a 22 month old say,0,3,0,2
how many words should a 24 month old say,0,1,0,3
how many words should a 24 month say,0,2,0,2.5
how many words should a 26 month old say,0,2,0,2.5
how many words should a 27 month old say,0,1,0,2
how many words should a 3 year old say,0,6,0,2.7
how many words should a 4 year old say,0,1,0,2
how many words should a 5 year old know,0,1,0,3
how many words should a almost 2 year old say,0,1,0,2
how many words should a baby say at 12 months,0,1,0,3
how many words should a baby say at 16 months,0,2,0,2
how many words should a baby say by 18 months,0,3,0,2
how many words should a child say at 2,0,1,0,2
how many words should a one year-old be saying,0,1,0,2
how many words should a ten month old say,0,1,0,1
how many words should a three year old say,0,1,0,2
how many words should a two year old say,0,3,0,2.7
how many words should a two year old speak,0,1,0,2
how many words should a two-year-old say,0,1,0,2
how many words should an 18 month old have,0,1,0,2
how many words should an 18 month old know,0,5,0,2.2
how many words should an 18 month old say,0,34,0,2.4
how many words should baby say at 12 months,0,1,0,2
how many words should my 13 month old say,0,1,0,3
how many words should my 15 month old say,0,1,0,2
how many words should my 16 month old say,0,1,0,2
how many words should my 17 month old say,0,3,0,2.7
how many words should my 18 month old be saying,0,1,0,2
how many words should my 18 month old say,0,11,0,2.2
how many words should my 19 month old be saying,0,2,0,3
how many words should my 2 year old be saying,0,1,0,2
how many words should my 20 month old be saying,0,1,0,2
how many words should my 20 month old say,0,1,0,2
how many words should my 21 month old say,0,1,0,3
how many words should my 23 month old say,0,1,0,3
how many words toddler 18 months,0,1,0,2
how many years baby can talk,0,3,0,11
how many years baby start talking,0,2,0,12.5
how many years child speak,0,2,0,1.5
how many years does a child start talking,0,3,0,6.7
how many years for a child to speak,0,2,0,8.5
how much can 18 month olds talk,0,10,0,4.7
how much can a 2 year old speak,0,1,0,3
how much can a 2 year old talk,0,1,0,2
how much can an 18 month old talk,0,11,0,6.6
how much cost speech therapy,0,1,0,11
how much do 18 month olds talk,0,10,0,2.7
how much does a 18 month old girl weigh,0,1,0,2
how much does a speech therapist cost,0,2,0,6.5
how much does a three year old talk,0,2,0,20
how much does an 18 month old weigh,0,1,0,2
how much does articulation training cost,0,1,0,1
how much does child speech therapy cost,0,1,0,11
how much does speech therapy cost,0,7,0,11.7
how much fluid should a 1 year old drink,0,1,0,2
how much food should a 2 year old eat,0,2,0,2.5
how much is a speech therapist,0,3,0,10.7
how much is speech blubs per month,0,1,0,3
how much is speech therapy,0,2,0,3
how much is speech therapy for kids,0,9,0,6.8
how much is speech therapy for toddlers,0,2,0,8.5
how much is too much water for a 2 year old,0,1,0,2
how much milk 17 month old,0,1,0,3
how much milk does a 17 month old need,0,1,0,2
how much milk does a 2 year old need,0,1,0,3
how much milk for 1 year old,0,1,0,3
how much milk for 2 year old,0,1,0,2
how much milk should 1 year old drink,0,1,0,3
how much milk should 2.5 year old drink,0,1,0,2
how much milk should 20 month old drink,0,1,0,3
how much milk should a 1 year old drink,0,1,0,3
how much milk should a 1.5 year old drink,0,1,0,2
how much milk should a 12 month old drink,0,1,0,3
how much milk should a 15 month old drink,0,2,0,2.5
how much milk should a 16 month old drink,0,2,0,2.5
how much milk should a 16 month old drink a day,0,1,0,2
how much milk should a 18 month old drink,0,1,0,3
how much milk should a 19 month old drink,0,2,0,2.5
how much milk should a 2 year old drink,0,2,0,3
how much milk should a 2 year old drink uk,0,1,0,2
how much milk should a 20 month old drink,0,1,0,3
how much milk should a 27 month old drink,0,1,0,2
how much milk should a toddler drink,0,1,0,3
how much milk should a two year old drink,0,1,0,2
how much milk should an 18 month old drink,0,1,0,2
how much milk should an 18 month old drink in a day,0,1,0,3
how much milk should my 22 month old drink,0,1,0,3
how much should 11 month old eat,0,1,0,2
how much should 15 month old talk,0,1,0,3
how much should 16 month old girl weigh,0,1,0,2
how much should 16 month old talk,0,1,0,2
how much should 18 month old eat,0,1,0,3
how much should 18 month old girl weigh,0,1,0,2
how much should 2 year old drink,0,1,0,2
how much should 2 year old eat,0,2,0,2
how much should 22 month old talk,0,1,0,1
how much should a 1 year old be talking,0,1,0,2
how much should a 1 year old drink,0,1,0,2
how much should a 1 year old weigh,0,1,0,3
how much should a 16 month old weigh,0,1,0,2
how much should a 18 month old be talking,0,16,0,3.8
how much should a 18 month old girl weigh,0,1,0,2
how much should a 18 month old talk,0,27,0,4.4
how much should a 19 month old talk,0,3,0,2.3
how much should a 1yr old weigh,0,1,0,2
how much should a 2 year old be able to speak,0,1,0,2
how much should a 2 year old be talking,0,2,0,2.5
how much should a 2 year old drink a day,0,4,0,2.5
how much should a 2 year old talk,0,1,0,2
how much should a 2 year old weigh,0,1,0,2
how much should a 21 month old talk,0,2,0,2
how much should a 22 month old talk,0,1,0,3
how much should a 23 month old weigh,0,1,0,2
how much should a 3 year old talk,0,4,0,36.5
how much should a baby be talking at 18 months,0,4,0,6.8
how much should a baby talk at 18 months,0,6,0,1
how much should a child be talking at 2,0,1,0,12
how much should a one year old be talking,0,1,0,13
how much should a two year old talk,0,2,0,2
how much should an 18 month old boy weigh,0,2,0,2
how much should an 18 month old girl weigh,0,1,0,2
how much should an 18 month old weigh,0,2,0,2
how much should my 18 month old be talking,0,67,0,5.1
how much should my 18 month old girl weigh,0,1,0,2
how much should my 18 month old talk,0,8,0,11.5
how much should my 2 year old be talking,0,5,0,8.6
how much should my 2.5 year old be talking,0,1,0,10
how much should my 23 month old be talking,0,1,0,2
how much sleep 18 month old,0,1,0,3
how much sleep 18 month old need,0,1,0,2
how much sleep 6 year old,0,1,0,1
how much sleep do toddlers need,0,1,0,3
how much sleep does 18 month old need,0,1,0,3
how much sleep does an 18 month old need,0,2,0,2
how much sleep does an 8 year old need,0,2,0,3
how much sleep for 18 month old,0,1,0,3
how much sleep should 18 month old get,0,3,0,2
how much sleep should a 19 month old get,0,1,0,2
how much sleep should an 18 month old get,0,1,0,2
how much speech therapy cost,0,1,0,1
how much talking by age 2,0,1,0,13
how much talking should an 18 month old,0,12,0,7.8
how much talking should an 18 month old be doing,0,1,0,1
how much tv should 2 year old watch,0,1,0,3
how much tv time for 2 year old,0,1,0,2
how much tv time should a 2 year old have,0,1,0,2
how much water should a 2 year old drink,0,1,0,2
how much weight should a 2 year old gain,0,1,0,3
how often should a 18 month old eat,0,1,0,3
how often should my 1 year old eat,0,1,0,2
how often to feed 1 year old,0,1,0,2
how old a baby can talk,0,3,0,8.3
how old a baby should start talking,0,3,0,17
how old a child can talk,0,11,0,8.6
how old a child start talking,0,1,0,11
how old are babies before they start talking,0,4,0,11
how old are babies when they first start talking,0,3,0,11.7
how old are babies when they laugh,0,1,0,1
how old are babies when they learn to talk,0,1,0,72
how old are babies when they speak,0,1,0,10
how old are babies when they start speaking,0,3,0,9
how old are babies when they start talking,0,9,0,42.1
how old are babies when they start to talk,0,5,0,22.2
how old are baby when they start talking,0,2,0,9
how old are boys when they start talking,0,3,0,10.3
how old are children when they start talking,0,128,0,9.6
how old are children when they start to talk,0,13,0,6.6
how old are kids when they start talking,0,135,0,8.7
how old are kids when they start to talk,0,9,0,8.6
how old are kids when they talk,0,7,0,10.9
how old are most babies when they start talking,0,2,0,24
how old are toddlers when they start talking,0,4,0,22
how old are you when you start talking,0,33,0,8.8
how old babies start talking,0,4,0,7.8
how old baby can speak,0,1,0,9
how old baby can start talking,0,1,0,11
how old baby can talk,0,8,0,8.6
how old baby can talk clearly,0,1,0,7
how old baby should start talking,0,14,0,10.4
how old baby start speaking,0,1,0,11
how old before a baby can talk,0,1,0,12
how old before a baby starts talking,0,2,0,9.5
how old before babies talk,0,3,0,12
how old before kids start talking,0,4,0,7.8
how old can a baby speak,0,2,0,9
how old can a baby start talking,0,8,0,10.8
how old can a child speak,0,1,0,7
how old can babies talk,0,2,0,7
how old can baby speak,0,5,0,10.8
how old do babies start talking,0,8,0,50.4
how old do babies talk,0,1,0,1
how old do baby start talking,0,21,0,10.2
how old do boys start talking,0,2,0,8
how old do children start talking,0,75,0,9.7
how old do kids speak,0,1,0,11
how old do kids start speaking,0,6,0,9
how old do kids start talking,0,82,0,11.7
how old do kids start to talk,0,12,0,9.2
how old do kids talk,0,7,0,6.9
how old do kids usually start talking,0,4,0,3.8
how old do toddlers start talking,0,6,0,22.8
how old do you have to be to have to talk,0,1,0,8
how old do you have to be to talk,0,9,0,7.7
how old do you start talking,0,25,0,8.2
how old does a baby have to be to start talking,0,1,0,12
how old does a baby have to be to talk,0,5,0,10.2
how old does a baby start talking,0,27,0,10.1
how old does a baby start to talk,0,1,0,2
how old does a baby usually start talking,0,1,0,12
how old does a child start talking,0,77,0,9.9
how old does a kid start talking,0,13,0,10.4
how old does a toddler start talking,0,2,0,12.5
how old does baby start talking,0,6,0,10.5
how old does the baby start talking,0,1,0,8
how old for a baby to start talking,0,4,0,17
how old for a baby to talk,0,1,0,10
how old for babies to talk,0,1,0,12
how old for baby to talk,0,1,0,9
how old is 18 months,0,1,0,1
how old is a baby start talking,0,1,0,12
how old is a baby when they start talking,0,21,0,11.4
how old is a child supposed to start talking,0,11,0,8.6
how old is a child when they start talking,0,41,0,12.7
how old is it when babies start talking,0,1,0,12
how old is speech,0,1,0,8
how old is talk,0,12,0,8.4
how old is talking,0,6,0,3.7
how old kids start talking,0,17,0,8.5
how old kids talk,0,2,0,9
how old should a baby be to start talking,0,28,0,9.7
how old should a baby be to talk,0,3,0,10.7
how old should a baby be when they start talking,0,11,0,9.5
how old should a baby start talking,0,179,0,11.2
how old should a baby talk,0,1,0,13
how old should a child be to speak,0,17,0,7.3
how old should a child be to start talking,0,21,0,10.1
how old should a child be to talk,0,3,0,7.3
how old should a child be when they start talking,0,13,0,11.3
how old should a child start talking,0,109,0,9.0
how old should a child start talking clearly,0,1,0,6
how old should a kid be potty trained,0,1,0,2
how old should a toddler start talking,0,10,0,8.9
how old should babies be when they start talking,0,4,0,7.8
how old should babies start talking,0,16,0,10.8
how old should baby start talking,0,21,0,10.8
how old should children start talking,0,13,0,7.5
how old should kids be when they start talking,0,7,0,8.6
how old should kids start talking,0,18,0,6.2
how old speech and language therapy for toddlers,0,4,0,21.8
how old start talking,0,4,0,8.2
how old the baby can talk,0,1,0,2
how old the baby start talking,0,8,0,11.1
how old till babies talk,0,11,0,10
how old to babies start talking,0,16,0,11.3
how old to start talking,0,20,0,10.3
how old to talk,0,8,0,7.1
how old to talk baby,0,1,0,12
how old toddler start talking,0,2,0,5.5
how old until a baby can talk,0,3,0,9
how old until babies start talking,0,3,0,11.7
how old until babies talk,0,1,0,42
how old when a baby starts talking,0,7,0,9.3
how old when a child starts talking,0,9,0,10.1
how old when babies start talking,0,30,0,11.4
how old when baby starts talking,0,10,0,9
how old when kids start talking,0,20,0,6.9
how old will a baby start talking,0,9,0,10.9
how old will baby start talking,0,1,0,9
how should a 18 month old talk,0,2,0,13
how should a 2.5 year old talk,0,1,0,1
how should an 18 month old talk,0,5,0,11
how soon do babies start talking,0,1,0,3
how soon do kids start talking,0,1,0,1
how soon should a baby start talking,0,1,0,9
how soon should a child start talking,0,3,0,11
how tall is the average 19 month old boy,0,1,0,2
how tall should a 18 month old girl be,0,1,0,3
how tall should an 18 month old boy be,0,2,0,2.5
how to be better at speaking,0,1,0,2
how to calm kids nervous system,0,5,0,10.4
how to deal with 2 year old hitting,0,1,0,3
how to deal with a 2 year old not listening,0,1,0,2
how to deal with a defiant 2 year old,0,1,0,3
how to deal with speech delay child,0,2,0,10.5
how to deal with speech delay in toddlers,0,1,0,2
how to deal with tantrums,0,1,0,3
how to develop speech,0,1,0,38
how to discipline a 1.5 year old,0,1,0,1
how to discipline a 2 year old,0,2,0,2
how to discipline a 2 year old that doesn t listen,0,1,0,3
how to discipline an 18 month old,0,1,0,3
how to discipline an 18 month old for hitting,0,1,0,2
how to encourage 1 year old to talk,0,3,0,2
how to encourage 17 month old to talk,0,1,0,2
how to encourage 19 month old to talk,0,3,0,2.7
how to encourage 2 year old to talk,0,3,0,2.7
how to encourage a baby to talk,0,1,0,2
how to encourage a child to talk,0,1,0,3
how to encourage babies to talk,0,1,0,2
how to encourage baby babbling,0,1,0,1
how to encourage baby to babble,0,1,0,1
how to encourage baby to talk,0,3,0,2.3
how to encourage baby to talk 18 months,0,4,0,1
how to encourage my 18 month old to talk,0,1,0,1
how to encourage pretend play in toddlers,0,1,0,3
how to encourage speech development,0,1,0,4
how to encourage speech in 18 month old,0,7,0,18.7
how to encourage toddler to talk,0,2,0,2.5
how to encourage your baby to talk,0,1,0,2
how to entertain a 2 year old,0,1,0,3
how to explain the nervous system to a child,0,1,0,11
how to feed a 1 year old,0,1,0,4
how to find a speech therapist for my child,0,7,0,24.1
how to fix adhd,0,1,0,2
how to fix speech impediment,0,2,0,2.5
how to get 17 month old to talk,0,1,0,3
how to get 18 month old to sleep,0,1,0,2
how to get 18 month old to talk,0,16,0,15.1
how to get 2 year old off dummy,0,1,0,2
how to get a 2 year old to talk,0,1,0,2
how to get an 18 month old to talk,0,2,0,26
how to get an autistic child to poop in the toilet,0,1,0,1
how to get autistic child to poop on potty,0,1,0,1
how to get baby to start talking,0,1,0,2
how to get my 12 month old to walk,0,1,0,3
how to get my 17 month old to talk,0,1,0,2
how to get my 18 month old to sleep through the night,0,2,0,2.5
how to get my 18 month old to talk,0,13,0,18.3
how to get my 2 year old to eat,0,1,0,3
how to get my 20 month old to say more words,0,1,0,2
how to get my 22 month old to talk,0,1,0,7
how to get my baby to talk,0,1,0,3
how to get my toddler to poop in the potty,0,1,0,2
how to get rid of sleepiness,0,1,0,2
how to get rid of the dummy at 2 years,0,2,0,2
how to get speech therapy for my child,0,1,0,3
how to get toddler to stay in bed,0,1,0,1
how to get toddler to talk,0,1,0,2
how to get toddler to wee on potty,0,1,0,2
how to get your toddler to nap,0,1,0,3
how to handle tantrums 18 months,0,1,0,3
how to help 14 month old talk,0,1,0,2
how to help 16 month old talk,0,1,0,2
how to help 17 month old talk,0,3,0,2.3
how to help 18 month old talk,0,24,0,15.6
how to help 18 month old with speech,0,2,0,6.5
how to help 2 year old regulate emotions,0,1,0,2
how to help 2 year old with speech delay,0,1,0,2
how to help 3 year old with speech delay,0,1,0,3
how to help 8 year old girl possible adhd with toiletting problems,0,2,0,12
how to help a 18 month old talk,0,1,0,12
how to help a 2 year old with speech delay,0,2,0,2.5
how to help a 3 year old with speech delay,0,1,0,3
how to help a child with speech articulation problems,0,1,0,1
how to help a child with speech delay at home,0,7,0,2.9
how to help a child with verbal dyspraxia,0,30,0,9.3
how to help a toddler with speech delay,0,2,0,2.5
how to help an 18 month old talk,0,3,0,8
how to help baby talk,0,2,0,2
how to help child poop on potty,0,1,0,2
how to help child with speech delay,0,1,0,2
how to help kids nervous system,0,1,0,12
how to help kids with speech delay,0,3,0,12
how to help my 16 month old talk,0,1,0,2
how to help my 18 month old sleep through the night,0,1,0,2
how to help my 18 month old talk,0,24,0,13
how to help my 19 month old talk,0,1,0,3
how to help my 2 year old talk,0,1,0,2
how to help my 20 month old talk,0,1,0,2
how to help my 21 month old talk,0,2,0,2.5
how to help my 3 year old talk,0,1,0,2
how to help my child with speech delay,0,1,0,2
how to help my toddler talk,0,1,0,2
how to help sensory seeking toddler,0,1,0,2
how to help speech delay 2 year old,0,1,0,2
how to help speech delay 3 year old,0,1,0,2
how to help toddler talk,0,1,0,3
how to help with speech delay,0,2,0,8
how to help with speech delay at home,0,1,0,3
how to help working memory,0,1,0,2
how to help your 18 month old talk,0,4,0,7
how to help.my baby crawl,0,1,0,3
how to identify speech delay in toddlers,0,1,0,9
how to improve 18 month old speech,0,1,0,12
how to improve 3 year old speech,0,1,0,2
how to improve baby talking skills,0,1,0,2
how to improve communication skills,0,1,0,3
how to improve my 3 year old speech,0,1,0,2
how to improve phonological memory,0,9,0,15.8
how to improve speech,0,1,0,3
how to improve speech delay,0,2,0,3
how to improve speech delay in 3 year old,0,1,0,2
how to improve spelling,0,1,0,3
how to improve spoken english at home,0,1,0,3
how to improve working memory dyslexia,0,17,0,18.4
how to increase toddler weight,0,1,0,3
how to keep a 2 year old busy at home,0,1,0,2
how to keep a 2 year old entertained,0,1,0,2
how to keep toddler cool at night in summer,0,1,0,2
how to know if toddler has speech delay,0,1,0,3
how to know if your child has speech delay,0,1,0,3
how to know if your child is a late bloomer,0,3,0,4.7
how to make baby speak faster,0,1,0,2
how to make baby talk faster,0,2,0,2.5
how to occupy a 2 year old,0,1,0,3
how to overcome selective mutism,0,1,0,3
how to overcome this,0,1,0,3
how to play with 1 year old,0,1,0,3
how to potty train a 2 year old girl,0,1,0,2
how to potty train a 4 year old with autism,0,1,0,9
how to potty train a 6 year old autistic child,0,1,0,8
how to potty train a boy,0,1,0,2
how to potty train a child with adhd,0,19,0,7.1
how to potty train a non verbal toddler,0,1,0,2
how to potty train a nonverbal autistic child,0,8,0,59
how to potty train a special needs child,0,1,0,15
how to potty train an autistic child,0,3,0,2.7
how to potty train an autistic non verbal child,0,1,0,1
how to potty train autistic 4 year old,0,1,0,1
how to potty train my autistic 4 year old,0,1,0,8
how to potty train non verbal autistic child,0,2,0,48
how to potty train speech delayed child,0,1,0,11
how to regulate kids nervous system,0,1,0,24
how to regulate nervous system for kids,0,1,0,11
how to settle an overtired toddler,0,1,0,2
how to sleep train an 18 month old,0,1,0,4
how to sleep train an 18 month old with separation anxiety,0,1,0,2
how to speak clearly and confidently,0,1,0,3
how to speak english fluently and confidently,0,1,0,3
how to start potty training,0,1,0,3
how to stop a 2 year old from hitting and throwing things,0,1,0,2
how to stop a one year old from biting,0,1,0,2
how to stop a toddler from biting,0,1,0,2
how to stop bottle feeding a 2 year old at night,0,1,0,2
how to stop breastfeeding 18 month old,0,1,0,3
how to stop my 2 year old from touching himself,0,1,0,2
how to stop my one year old from hitting,0,2,0,2.5
how to stop toddler from hitting,0,1,0,3
how to stop toddler from opening door,0,1,0,3
how to stop toddler from swearing,0,1,0,2
how to support a child with speech and language difficulties,0,1,0,5
how to support late potty training,0,7,0,14.6
how to talk to a 10 year old,0,10,0,17.4
how to talk to a 10 year-old girl,0,3,0,11.3
how to talk to a 12 year old girl,0,2,0,11
how to teach 1 year old to talk,0,1,0,3
how to teach 18 month old words,0,1,0,3
how to teach 2 year old to read,0,1,0,3
how to teach a child to talk,0,1,0,2
how to teach a toddler to jump,0,1,0,3
how to teach a toddler to talk,0,1,0,3
how to teach autistic child to use the toilet,0,1,0,10
how to teach baby to talk,0,2,0,2.5
how to teach child to speak,0,1,0,3
how to teach my 15 month old to talk,0,1,0,3
how to teach my 18 month old to talk,0,1,0,3
how to teach my 18 month old words,0,1,0,2
how to teach sight words to kids,0,1,0,3
how to teach toddler to talk,0,1,0,2
how to teach toddler to write name,0,1,0,2
how to teach toddlers colors,0,1,0,3
how to toilet train an autistic child,0,1,0,2
how to toilet train autistic child,0,1,0,2
how to train an autistic child to use the toilet,0,1,0,2
how to train autistic child to go toilet,0,2,0,9
how to train baby to talk,0,1,0,2
how to train speech delayed child,0,1,0,2
how to treat speech delay,0,1,0,10
how to treat speech delay at home,0,1,0,3
how to wean 18 month old from bottle,0,1,0,2
how well should a 5 year old speak,0,1,0,13
how well should a child speak at 2,0,1,0,11
how well should my 3 year old be talking,0,1,0,3
huyla,0,1,0,32
hyperactive child with speech delay,0,1,0,1
hyperacusis management,0,1,0,5
hypertonia toddler,0,1,0,3
i also have dyslexia,0,1,0,4
i am nervous,0,1,0,1
i have asd,0,1,0,2
i have parent control,0,1,0,2
i have voice chat enabled but it doesnt work in roblox filetype:pdf,0,1,0,47
i mean talking,0,1,0,1
i remember being a baby,0,1,0,3
i sleep at 11 and wake up at 8,0,1,0,2
i'm nervous,0,2,0,1.5
ideal weight for 19 months baby boy,0,1,0,2
ideational dyspraxia,0,1,0,2
if a child is not talking by age 2,0,3,0,9.3
if a child is not talking by age 3,0,8,0,8.4
if child does not speak age 2,0,2,0,11.5
if i have autism do my parents,0,1,0,1
if your child is not talking by 2,0,1,0,3
ilang taon ang bata bago magsalita age,0,2,0,7.5
im 9,0,1,0,1
im so anxious,0,1,0,2
im so nervous,0,1,0,2
immature speech,0,13,0,8.7
impaired fine motor skills,0,1,0,84
impairment,0,1,0,9
"in 300 words and clearly outlined, discuss on the four components of language development in children",0,5,0,2
in a 4 year old,0,1,0,2
in girls,0,1,0,2
in how many years baby start talking,0,2,0,10.5
in how many years child start speaking,0,4,0,8.8
in how much age child start speaking,0,28,0,6.7
in kent,0,1,0,4
in other words,0,1,0,3
in school work,0,1,0,1
in the uk specifically,0,1,0,7
in toddlers?,0,1,0,3
in what age,0,1,0,9
in what age a baby start talking,0,3,0,9.3
in what age baby start talking,0,13,0,10.1
in what age children start speaking,0,3,0,10.3
in what age kids start talking,0,14,0,8
in which age baby boy start talking,0,13,0,8.5
in which age baby start speaking,0,2,0,11.5
in which age baby start talking,0,17,0,10.6
in which age child speak,0,2,0,11
in which age child start speaking,0,12,0,10.6
in which age children start speaking,0,1,0,10
in which age kids start talking,0,28,0,9.6
in which month baby start talking,0,1,0,2
in which year baby start talking,0,12,0,10.2
in-clinic speech therapy,0,1,0,39
in-home speech therapy,0,2,0,47.5
inability to spell,0,1,0,1
incredible years parenting program,0,1,0,3
independent slt,0,1,0,73
independent speech,0,2,0,57
independent speech and language therapist,0,7,0,57.9
independent speech and language therapy,0,8,0,74.4
independent speech therapist,0,2,0,66
independent speech therapy,0,1,0,74
indoor games for 2 year olds,0,1,0,3
infant speech therapy,0,1,0,3
infant speech therapy near me,0,1,0,9
infant talking age,0,3,0,32
information about the rosetta stone,0,1,0,3
initial consonant deletion,0,2,0,3
initial consonant deletion 2 year old,0,1,0,4
intensive soeech theraphy cost uk,0,1,0,17
intensive speech therapy,0,1,0,2
intermediate meaning language level,0,1,0,2
internet cafe brixton,0,1,0,2
internet cafe near me,0,4,0,2.2
interoception adhd toileting,0,10,0,9.8
interoception autism toileting,0,1,0,1
introduction to language development,0,2,0,57.5
invisible autism,0,1,0,1
ipads for 2 year olds,0,1,0,3
is 18 months late to start walking,0,2,0,2
is 2 hours of screen time bad,0,1,0,2
is a 18 month old a toddler,0,1,0,2
is a 2 year old a baby or a toddler,0,1,0,3
is a stutter contagious,0,25,0,7.8
is a stutter the same as a stammer,0,2,0,12.5
is adhd a communication disorder,0,12,0,8.8
is an 18 month old a toddler,0,1,0,3
is autism more common in males or females,0,1,0,3
is coconut water good for toddlers,0,1,0,2
is delayed potty training a sign of autism,0,4,0,12.5
is delayed speech a sign of adhd,0,68,0,12.8
is delayed speech a sign of autism,0,1,0,3
is dialogue structure or language,0,1,0,2
is food aversion a sign of autism,0,7,0,8.6
is forgetfulness a sign of dyslexia,0,3,0,30.7
is hand leading always autism,0,1,0,2
is horlicks good for 2 year old baby,0,1,0,2
is it bad if my 18 month old doesn't talk,0,9,0,9.2
is it common for second child to talk later,0,2,0,8.5
is it concerning,0,1,0,1
is it getting worse?,0,1,0,5
is it hard to have an 18 month year-old?,0,18,0,9.1
is it normal for 16 month old to not talk,0,2,0,7
is it normal for 17 month old not to talk,0,7,0,6.6
is it normal for 17 month old to not talk,0,2,0,11.5
is it normal for 17 month old to walk on tiptoes,0,1,0,2
is it normal for 18 month old not to talk,0,102,0,7.6
is it normal for 18 month old to not talk,0,17,0,5.2
is it normal for 18 month old to walk on tiptoes,0,1,0,2
is it normal for 19 month old to not talk,0,8,0,10
is it normal for 2 year old to hit themselves when upset,0,1,0,3
is it normal for 2 year old to throw things,0,2,0,2.5
is it normal for 20 month old not to talk,0,16,0,8.4
is it normal for 3 year old not talking,0,1,0,2
is it normal for a 1 year old not to talk,0,5,0,8.6
is it normal for a 1 year old to not talk,0,4,0,7
is it normal for a 1.5 year old to not talk,0,17,0,6.7
is it normal for a 16 month old not to talk,0,3,0,10
is it normal for a 16 month old to not talk,0,7,0,10.7
is it normal for a 17 month old not to talk,0,21,0,7
is it normal for a 18 month old not to talk,0,49,0,6.6
is it normal for a 19 month old not to talk,0,17,0,7.7
is it normal for a 2 year old boy not to talk,0,3,0,8
is it normal for a 2 year old boy to play with his private parts,0,1,0,2
is it normal for a 2 year old not to talk,0,2,0,6.5
is it normal for a 2 year old to not talk,0,2,0,2
is it normal for a 2 years old not to talk,0,1,0,2
is it normal for a 2-year-old not to talk properly,0,1,0,3
is it normal for a 20 month old not to talk,0,8,0,10.6
is it normal for a 21 month old to not talk,0,2,0,3
is it normal for a 23 month old not to talk,0,1,0,2
is it normal for a 26 month old not to talk,0,1,0,5
is it normal for a 3 year old not to talk,0,3,0,4.7
is it normal for a 3 years old not to talk,0,3,0,2
is it normal for a 30 month old not to talk,0,7,0,7.9
is it normal for a 4 year old not to be potty trained,0,1,0,1
is it normal for a child not to talk at 2,0,1,0,3
is it normal for a child to start talking at 3,0,4,0,8.5
is it normal for a one year old to not talk,0,4,0,10.5
is it normal for a three year old not to talk,0,1,0,10
is it normal for a toddler to not want to eat,0,1,0,2
is it normal for an 18 month old not to talk,0,23,0,5.9
is it normal for kids to start talking at 3,0,1,0,1
is it normal for my 16 month old to not talk,0,11,0,10.5
is it normal for my 17 month old not to talk,0,10,0,5.8
is it normal for my 19 month old not to talk,0,19,0,10
is it normal for my 2 year old boy to play with himself,0,1,0,2
is it normal for my 2 year old to not talk,0,1,0,2
is it normal for my 20 month old not to talk,0,2,0,7.5
is it normal for my 4 year old to not want to eat,0,1,0,2
is it normal for toddler boys to play with their privates,0,1,0,2
is it normal for toddlers to line up toys,0,1,0,2
is it normal that my 1 year old doesn t talk,0,5,0,4.8
is it ok that my 18 month old doesn t talk,0,8,0,5.4
is late speech a sign of autism,0,3,0,7.7
is late talking a sign of autism,0,20,0,8.9
is lining up toys normal for 2 year old,0,1,0,2
is mixing up numbers dyslexia,0,2,0,2
is mrs rachel good for toddlers,0,1,0,2
is my 18 month old autistic,0,1,0,2
is my child a late talker,0,11,0,23.8
is my toddler colour blind,0,1,0,3
is not a component of language development,0,1,0,1
is not liking food touching a sign of autism,0,1,0,12
is peak milk good for toddlers,0,1,0,3
is poor working memory a learning disability,0,1,0,78
is poor working memory a sign of dyslexia,0,3,0,7
is short term memory the same as working memory,0,1,0,3
is speech delay a sign of adhd,0,58,0,14.2
is speech delay a sign of autism,0,3,0,3
is speech delay always a sign of autism,0,1,0,1
is speech delay autism,0,1,0,2
is speech delay common,0,1,0,2
is speech delay hereditary,0,1,0,2
is speech delay neurodivergent,0,1,0,12
is speech delay related to adhd,0,1,0,6
is speech therapy covered by medicare australia,0,1,0,2
is speech therapy really effective,0,1,0,2
is stuttering contagious,0,314,0,9.7
is stuttering hereditary,0,1,0,3
is super simple songs good for toddlers,0,1,0,2
is talking late a sign of autism,0,2,0,10.5
is teletubbies overstimulating,0,1,0,3
is that normal,0,1,0,1
is there a 2 year old check up,0,1,0,3
is there a growth spurt at 18 months,0,1,0,2
is there a sleep regression at 18 months,0,2,0,2.5
is there an 18 month sleep regression,0,1,0,2
is there such a thing as verbal dyslexia,0,2,0,1
is this a red flag,0,1,0,1
is verbal dyspraxia a disability,0,11,0,23.4
is working memory the same as short term memory,0,1,0,2
isolated speech delay,0,1,0,2
issues with working memory,0,2,0,11.5
it support in harley street,0,2,0,62.5
it support petts wood,0,44,0,31.8
it’s normal,0,1,0,5
iya,0,1,0,3
i’m nervous,0,2,0,2.5
i’m still nervous,0,1,0,3
ja,0,2,0,3
ja gerne,0,1,0,6
jatak,0,1,0,14
jennifer finn speech therapist,0,1,0,4
keins,0,1,0,3
kent speech and language therapy options,0,10,0,22.1
key components of language,0,1,0,12
kid not talking at 4,0,1,0,2
kid speech therapy,0,2,0,21
kids are 8 and 10,0,1,0,1
kids articulate,0,38,0,10.9
kids assessment,0,1,0,4
kids british speech therapist,0,10,0,14.9
kids chalk,0,1,0,6
kids communicate,0,2,0,10.5
kids dietician,0,1,0,3
kids garden chair,0,1,0,9
kids language development,0,6,0,21.2
kids meltdown,0,14,0,9.9
kids nervous system regulation,0,8,0,10.2
kids not talking,0,1,0,32
kids planet frodsham,0,1,0,4
kids rest,0,1,0,8
kids speak at what age,0,13,0,8.7
kids speaking age,0,49,0,10.2
kids speaking classes,0,1,0,2
kids speech,0,2,0,10
kids speech and language therapist,0,3,0,8.3
kids speech therapist,0,23,0,23.6
kids speech therapist near me,0,1,0,3
kids speech therapy,0,182,0,9.0
kids speech therapy near me,0,23,0,13.8
kids start speaking at what age,0,24,0,8.8
kids start talking,0,5,0,5.2
kids start talking at what age,0,72,0,9.5
kids start to talk at what age,0,4,0,8.2
kids stuttering,0,3,0,21
kids talk at what age,0,12,0,9.4
kids talking,0,2,0,2.5
kids talking age,0,112,0,8.6
kids therapist,0,1,0,5
kids therapy near me,0,1,0,7
kids with speech problems,0,2,0,35.5
kind 18 maanden praat niet,0,1,0,50
kind 18 monate versteht alles aber spricht nicht,0,2,0,29.5
king speech therapy,0,2,0,11
kobe notts hoyle,0,1,0,55
kormos safar 2008 phonological short-term memory working memory and foreign language performance in intensive language learning,0,3,0,9.7
kormos safar 2008 phonological short-term memory working memory and foreign language performance in intensive language learning abstract,0,1,0,10
kormos safar 2008 phonological short-term memory working memory foreign language performance intensive language learning abstract,0,3,0,10
kormos safar 2008 phonological short-term memory working memory foreign language performance intensive language learning writing,0,5,0,9.8
la 3,0,1,0,1
lack of fine motor skills,0,6,0,11.5
lack of motor skills,0,3,0,47.7
lack of speech medical term,0,1,0,3
lack of words,0,1,0,12
lallation,0,1,0,43
lalling speech,0,1,0,26
language,0,1,0,3
language 18 month old,0,6,0,7.5
language 18 months,0,4,0,15.5
language and communication,0,6,0,38.8
language and communication development,0,8,0,50.4
language and development,0,3,0,20
language and speech development,0,1,0,24
language and understanding,0,1,0,28
language aspects,0,1,0,1
language at 18 months,0,17,0,15.2
language at 18 months old,0,6,0,9
language at 2 years old,0,1,0,3
language at 20 months,0,1,0,4
language child development,0,1,0,46
language children,0,1,0,33
language communication,0,14,0,31.4
language communication development,0,7,0,47.3
language component,0,3,0,17.3
language components,0,38,0,20.6
language concepts,0,3,0,37
language content form and use,0,2,0,94.5
language delay,0,2,0,2
language delay in 3 year old,0,1,0,2
language delay in children,0,1,0,2
language delay toddler,0,1,0,3
language dev,0,6,0,32.2
language develop,0,1,0,25
language development,0,167,0,46.6
language development 18 month old,0,3,0,6.3
language development 18 months,0,16,0,11.6
language development 18-24 months,0,3,0,27.3
language development 2 year old,0,1,0,2
language development 20 months,0,1,0,3
language development 3 year old,0,1,0,1
language development 3-4 years,0,1,0,29
language development 3-5 years,0,1,0,74
language development 4-5 years,0,1,0,57
language development 9-12 years,0,34,0,9.2
language development and communication,0,5,0,40
language development at 18 months,0,16,0,15.2
language development at 20 months,0,1,0,3
language development children,0,2,0,23
language development definition,0,4,0,31.2
language development examples,0,3,0,11
language development for 18 month old,0,7,0,18.6
language development for 4 year olds,0,1,0,73
language development from theory to practice,0,3,0,33
language development in 18 month old,0,3,0,35.7
language development in autistic child resembles,0,2,0,11.5
language development in child,0,3,0,24.3
language development in childhood,0,1,0,39
language development in children,0,9,0,34.4
language development in content areas,0,4,0,81.2
language development meaning,0,2,0,37
language development milestones,0,1,0,6
language development milestones 0 3 years,0,2,0,3
language development skills,0,5,0,43.6
language developments,0,1,0,15
language diet,0,2,0,18.5
language disorder associated with autism,0,1,0,1
language dyspraxia,0,27,0,10.9
language elements,0,3,0,1.3
language expectations,0,3,0,24.7
language explosion in late talkers,0,2,0,8
language for 18 month old,0,2,0,11.5
language for behaviour and emotions,0,3,0,38.3
language form content and use,0,3,0,92
language form content use,0,5,0,63.2
language growth,0,1,0,18
language milestones 18 months,0,6,0,10
language milestones by age,0,1,0,7
language nutrition,0,6,0,29
language nutrition meaning,0,3,0,29.3
language of development,0,1,0,26
language regression,0,1,0,5
language skill development,0,1,0,3
language skills 18 months,0,1,0,49
language skills at 18 months,0,3,0,38.7
language skills development,0,5,0,49.8
language socialization definition,0,1,0,1
language speech therapist,0,2,0,12
language structure and conventions,0,2,0,3
language therapist,0,1,0,1
language therapy for kids,0,3,0,5.3
language therapy london,0,7,0,38
language use,0,1,0,1
language+diet,0,2,0,4.5
languages development,0,8,0,18.5
late bloomer,0,1,0,9
late bloomer baby,0,1,0,10
late bloomer child symptoms,0,22,0,9.4
late bloomer signs,0,1,0,3
late bloomer toddler,0,25,0,6.6
late chatter front children,0,20,0,7.6
late communication,0,2,0,3.5
late cringes chatter children,0,6,0,7.5
late night chatter front children,0,15,0,9.2
late potty training and intelligence,0,1,0,3
late potty training autism,0,6,0,9.5
late sign,0,1,0,11
late speaker,0,7,0,10.1
late speaker kind,0,2,0,9.5
late speaker vs autism,0,1,0,13
late speaking autism,0,9,0,8
late speaking child,0,16,0,10.5
late speaking children,0,4,0,3.8
late speaking in toddlers,0,9,0,9.2
late speech,0,3,0,14.7
late speech autism,0,3,0,9.3
late speech development,0,3,0,8.3
late speech development in toddlers,0,30,0,15.5
late speech in toddlers,0,4,0,11.5
late talk,0,2,0,7
late talker 18 months nyc,0,1,0,44
late talker 2 year old,0,4,0,9.8
late talker 3 year old,0,2,0,10.5
late talker age,0,46,0,11.8
late talker autism,0,14,0,14.6
late talker baby,0,14,0,11
late talker child,0,2,0,8.5
late talker definition,0,11,0,16.3
late talker intelligence,0,6,0,10.5
late talker late bloomer,0,2,0,4
late talker meaning,0,7,0,28.9
late talker oder autismus,0,4,0,60.2
late talker or autism,0,34,0,13.7
late talker or speech delay,0,3,0,28.7
late talker signs,0,3,0,12.3
late talker symptome,0,1,0,12
late talker symptoms,0,48,0,7.5
late talker vs speech delay,0,6,0,2.8
late talker when to worry,0,5,0,35.4
late talkers and intelligence,0,3,0,5
late talkers speech therapy,0,8,0,27.2
late talkers symptoms,0,18,0,12.9
late talkers toddlers,0,41,0,6.0
late talkers when to worry,0,52,0,14.5
late talking,0,21,0,11.3
late talking 3 year old,0,1,0,12
late talking autism,0,14,0,20.1
late talking babies,0,6,0,15.3
late talking child,0,18,0,18.3
late talking in babies,0,1,0,1
late talking toddler,0,24,0,15.5
late talking toddlers,0,5,0,12.4
late-talking children,0,5,0,8.8
later talk,0,1,0,7
later talker,0,2,0,39.5
laundromat near me,0,1,0,1
lazy tongue,0,1,0,2
leap 10,0,1,0,3
learn numbers for toddlers,0,1,0,2
learning agreement example,0,1,0,2
learning tower,0,1,0,6
learning towers,0,1,0,11
learning toys for 1 year old,0,1,0,5
less articulate,0,1,0,11
lethargic 2 year old no fever,0,1,0,2
lets verbalise,0,1,0,50
letter sound development by age,0,2,0,89.5
letting 18 month old cry it out,0,2,0,1.5
level 3 autism symptoms,0,1,0,3
levels of speech delay,0,1,0,3
lexical development,0,4,0,58.8
lifetrients speak+d,0,1,0,10
limited motor skills,0,6,0,6.8
limited speech,0,1,0,10
lindfield speech pathology,0,1,0,26
lingo leap drops,0,1,0,3
lingo leap zeolite speech supportive cleanse,0,1,0,6
linguistic development,0,17,0,26.6
linguistic nutrition,0,1,0,81
link to adhd,0,1,0,7
lip tie,0,1,0,3
literacy milestones by age,0,1,0,1
little explorers speech therapy,0,1,0,2
little kickers,0,1,0,3
little talkers speech therapy,0,2,0,4.5
live and love it,0,10,0,49.4
live it love it,0,7,0,46.9
local speech therapist,0,1,0,29
log in articulate,0,3,0,6
login articulate,0,5,0,5.6
logopaedics,0,1,0,22
logoped near me,0,1,0,11
logopedics,0,1,0,40
london private slt,0,49,0,45.7
london private speech therapy,0,20,0,60.1
london speech and language therapy,0,16,0,49.8
london speech therapist,0,17,0,51.9
london speech therapists,0,17,0,50.9
london speech therapy fees,0,50,0,8.6
london sw7,0,1,0,8
los sonidos emitidos por la persona que habla siempre están:,0,2,0,9.5
losing fine motor skills,0,1,0,7
losing motor skills,0,4,0,18.5
loss of fine motor control,0,2,0,12.5
loss of fine motor skills,0,15,0,30.3
loss of motor skills,0,4,0,18.2
loss of speech,0,1,0,2
low motor skills,0,9,0,15.4
makaton signs,0,1,0,2
management of dysarthria,0,1,0,5
marlo wahle and speech,0,2,0,4.5
mayo clinic 18 months 10 to 15 words,0,5,0,2
mayo clinic language development 18 months 10 to 15 words,0,1,0,2
meal plan for 1 year old baby,0,2,0,3.5
meals for 1 year old,0,1,0,5
meals for 17 month old,0,1,0,2
meals for 18 month old toddler,0,1,0,8
meltdown,0,5,0,66
meltdown and tantrums,0,12,0,9.8
meltdown in kids,0,1,0,12
meltdown kids,0,5,0,11.2
meltdown or tantrum,0,3,0,26
meltdown tantrum,0,4,0,11.8
meltdown vs tantrum,0,18,0,19.1
meltdown vs tantrums,0,1,0,10
meltdowns,0,23,0,24.2
meltdowns and tantrums,0,9,0,12
meltdowns in children,0,2,0,26.5
meltdowns meaning,0,3,0,26
meltdowns vs tantrums,0,42,0,20.4
memory and dyslexia,0,32,0,13.1
memory techniques for dyslexia,0,1,0,34
mentat himalaya benefits,0,1,0,3
mentat syrup for speech delay,0,1,0,3
mi bebe de 18 meses no habla,0,1,0,2
mild aspergers symptoms,0,2,0,2.5
mild stutter,0,2,0,28.5
mild stuttering,0,4,0,38.8
milestone of 21 months old baby,0,1,0,2
milestones 17 month old,0,1,0,2
milestones 18 months,0,1,0,4
milestones 21 months,0,1,0,4
milestones after 1 year,0,1,0,5
milestones at 1.5 years,0,1,0,2
milestones at 14 months,0,1,0,2
milestones at 18 months,0,1,0,2
milestones at 18 months old,0,1,0,3
milestones for 1 year old boy,0,1,0,2
milestones for 12 week old baby,0,1,0,2
milestones for 12-18 months,0,1,0,4
milestones for 16 month old,0,1,0,3
milestones for 16 month old boy,0,1,0,2
milestones for 17 month old girl,0,1,0,2
milestones for 18 month old,0,2,0,2.5
milestones for 18 month old boy,0,1,0,2
milestones for 18 months old,0,1,0,4
milestones for 2 year old boy,0,1,0,3
milestones for 2 year olds,0,4,0,3
milestones for one year old,0,1,0,3
milestones for talking,0,3,0,10
milestones of a 2 year old,0,2,0,2
milestones talking,0,1,0,11
milk cup for 2 year old,0,1,0,3
mini kickers ayrshire,0,1,0,4
mini trampoline for toddler,0,1,0,3
missed signs of autism in girls,0,1,0,1
mixed receptive-expressive language disorder in 2 year old,0,1,0,3
mock,0,1,0,2
module 3 test,0,5,0,10.4
money skills for kids under 10 site:.uk,0,1,0,66
month old not talking,0,4,0,10
mother pathway,0,1,0,4
motor alalia,0,2,0,55.5
motor decline,0,1,0,10
motor movement,0,1,0,58
motor planning difficulties speech,0,1,0,14
motor planning disorder speech,0,1,0,1
motor planning speech,0,3,0,7
motor planning speech disorder,0,2,0,5
motor skill problems,0,2,0,14
motor skills decline with age,0,1,0,8
motor skills definition,0,1,0,2
motor skills problems,0,3,0,16.3
mrcslt,0,112,0,8.5
mumple,0,1,0,3
my 1 year old doesn't talk,0,1,0,2
my 1 year old isn't talking yet,0,3,0,9.7
my 1 year old won't eat,0,1,0,2
my 1.5 year old is not eating anything,0,1,0,2
my 1.5 year old is not talking,0,3,0,7.7
my 13 month old is refusing food,0,1,0,2
my 13 month old won't talk,0,2,0,19.5
my 14 month old doesn't talk,0,7,0,49.4
my 14 month old is not talking,0,1,0,25
my 15 month old doesn't talk,0,13,0,32.9
my 15 month old is not talking,0,3,0,19
my 15 month old isn't talking yet,0,6,0,9
my 15 month old won't eat,0,1,0,2
my 15 months old doesn't talk,0,4,0,55.5
my 16 month old baby not talking,0,1,0,11
my 16 month old doesn t talk,0,4,0,23.2
my 16 month old doesn't talk,0,6,0,14
my 16 month old is not talking,0,58,0,9.6
my 16 months old not talking,0,11,0,8.8
my 17 month old doesn't talk,0,5,0,10.6
my 17 month old doesn't talk much,0,9,0,4
my 17 month old is not talking,0,17,0,12.7
my 17 month old isn't talking,0,15,0,6.8
my 17 month old keeps waking up at night,0,1,0,3
my 17 month old not talking,0,3,0,5
my 17 month old understands but doesn t talk,0,1,0,10
my 18 month is not talking yet,0,11,0,1.7
my 18 month old babbles but no words,0,19,0,7.3
my 18 month old doesn't say many words,0,4,0,10.8
my 18 month old is not walking independently,0,1,0,3
my 18 month old only says 3 words,0,3,0,3
my 18 month old only says a few words,0,24,0,6.2
my 18 month old wakes up screaming at night,0,1,0,2
my 18 month old wants to breastfeed all the time,0,1,0,3
my 18th month old not talking,0,1,0,1
my 19 month old doesn't talk,0,30,0,10.8
my 19 month old is not talking,0,72,0,10.3
my 19 month old isn't talking,0,25,0,10.5
my 19 month old understands everything but doesn t talk,0,2,0,9.5
my 19 months old doesn't talk,0,14,0,8.4
my 2 and a half year old is not talking,0,2,0,7
my 2 month old baby keeps sticking tongue out,0,1,0,2
my 2 year old crying uncontrollably at night,0,1,0,2
my 2 year old doesn t talk and screams a lot,0,1,0,3
my 2 year old doesn t talk but makes noises,0,2,0,2.5
my 2 year old doesn t talk but understands everything,0,19,0,7.1
my 2 year old doesnt talk,0,2,0,2.5
my 2 year old grunts instead of talking,0,1,0,1
my 2 year old is not talking,0,3,0,8.3
my 2 year old is not talking but understands everything,0,10,0,7.9
my 2 year old isn't talking,0,5,0,7.2
my 2 year old isn't talking yet should i be worried,0,4,0,8.8
my 2 year old likes to line things up,0,1,0,2
my 2 year old not talking but babbling,0,1,0,2
my 2 year old only says a few words,0,2,0,2.5
my 2 year old refuses to eat anything,0,1,0,3
my 2 year old son is not speaking yet,0,1,0,2
my 2 year old still not talking,0,1,0,3
my 2 year old touching herself,0,1,0,3
my 2 year old understands but doesn't talk,0,7,0,8.7
my 2 year old understands everything but doesn t talk,0,6,0,7.2
my 2 year old won t eat anything but snacks,0,1,0,2
my 2 year old wont eat anything,0,1,0,2
my 2.5 year old doesn't talk,0,1,0,2
my 20 month old,0,1,0,3
my 20 month old baby is not talking,0,1,0,12
my 20 month old doesn't talk,0,20,0,10.8
my 20 month old is not talking,0,22,0,9.5
my 20 month old isn't talking,0,14,0,11
my 20 month old not talking,0,15,0,9.7
my 20 month old only says a few words,0,2,0,2.5
my 20 month old son is not talking,0,6,0,9.5
my 20 months old doesn't talk,0,1,0,10
my 21 month old can count to 10,0,1,0,3
my 21 month old is not talking,0,2,0,2.5
my 22 month old baby is not talking,0,1,0,3
my 22 month old can count to 10,0,1,0,2
my 24 month old doesn't talk,0,1,0,3
my 3 year old doesn't talk,0,1,0,3
my 3 year old doesn't talk clearly,0,1,0,2
my 3 year old has a stutter,0,1,0,40
my 3 year old has started stuttering,0,1,0,57
my 3 year old is not talking,0,1,0,3
my 3 year old isn't talking,0,4,0,21.2
my 3 year old started stuttering,0,1,0,58
my 3 year old understands everything but refuses to talk,0,1,0,2
my 3 year old won t eat anything but snacks,0,1,0,2
my 3 year-old won t eat anything but snacks,0,1,0,2
my 3 years old is not talking,0,1,0,2
my 30 month old is not talking,0,2,0,2
my 4 year old speech not clear,0,1,0,1
my 4 year old started stuttering,0,1,0,49
my 4-year old doesn t talk in sentences,0,1,0,3
my baby at 12 weeks old,0,1,0,5
my baby doesn 't cry much is that normal,0,1,0,2
my baby is 14 months and not talking,0,2,0,2.5
my baby is 15 months and not talking,0,2,0,3
my baby is 15 months old and not talking,0,1,0,38
my baby is 16 months and not talking,0,3,0,12
my baby is 16 months old and not talking,0,2,0,22
my baby is 17 months and not talking,0,3,0,2.3
my baby is 17 months old and not talking,0,5,0,7.8
my baby is 18 months,0,1,0,3
my baby is 18 months and not walking,0,1,0,2
my baby is 18 months old and not talking,0,28,0,5.4
my baby is 19 months and not talking,0,3,0,6.7
my baby is 19 months old and not talking,0,16,0,8.9
my baby is 20 months old and not talking,0,1,0,11
my baby is 21 months and not talking,0,1,0,3
my baby is not talking at 18 months,0,18,0,6.1
my baby isn't talking at 18 months,0,5,0,7.4
my baby understands but doesn't talk,0,8,0,9.5
my calm,0,31,0,9.0
my child has a speech delay,0,1,0,2
my child has developed a stutter,0,1,0,43
my child has started stuttering,0,1,0,57
my child is 18 months,0,1,0,2
my child is 19 months and still not talking,0,12,0,7
my child is 20 months old and not talking,0,7,0,6.7
my child is 3 and still not talking,0,1,0,2
my child is 3 years old and not talking,0,2,0,2
my child is a girl,0,1,0,27
my child is a late talker and he turned out fine,0,2,0,3.5
my child is not talking at 2,0,1,0,3
my child is not talking at 3,0,2,0,9.5
my child isn't talking,0,3,0,66.3
my child refuses to sit on the potty,0,1,0,2
my child stutters,0,2,0,29.5
my child understands but doesn't speak,0,8,0,9.8
my daughter is 18 months and not talking,0,1,0,1
my daughter is 18 months old and still not talking,0,2,0,6
my grandson is 18 months and not talking,0,13,0,3.6
my one year old,0,1,0,3
my one year old is not talking yet,0,1,0,8
my one year old is refusing to eat,0,1,0,3
my son is 15 months and not talking,0,1,0,33
my son is 16 months old and doesn't talk,0,3,0,2.3
my son is 17 months old and not talking,0,6,0,6.5
my son is 18 months old and doesn't talk,0,12,0,5.8
my son is 19 months and not talking,0,20,0,9.8
my son is 2 and not talking,0,1,0,2
my son is 2 years old and not talking,0,1,0,2
my son is 20 months and not talking,0,4,0,10.8
my son is 3 and not talking,0,1,0,3
my son is 3 and still not talking,0,4,0,2
my son is 3 years old and not talking,0,1,0,3
my son is 4 years old and doesn't talk,0,1,0,3
my son is almost 2 and not talking,0,1,0,3
my son started talking at 3,0,3,0,5.7
my son started talking at 6,0,1,0,7
my toddler barely eats,0,1,0,2
my toddler is refusing to eat,0,1,0,3
my toddler stutters,0,2,0,50.5
my toddler understands but doesn't talk,0,4,0,7.8
my two year old doesn t talk,0,1,0,2
my two year old is not talking yet,0,2,0,1
my two year old isn't talking,0,2,0,35
mycalm,0,4,0,6
mychildsslt.co.uk email and owner,0,18,0,10.2
mychildstart,0,4,0,7.2
myofunctional therapy for kids near me,0,1,0,5
mémoire phonologique,0,1,0,2
nahi,0,1,0,3
natural remedies for speech delay,0,4,0,2.5
nature vs nurture language development,0,1,0,1
near speech therapy,0,1,0,1
nearest speech and language therapist,0,1,0,19
nearest speech therapy centre,0,1,0,5
nearly 2 year old not talking,0,15,0,11.1
nervous system children,0,1,0,10
nervous system for kids worksheet,0,1,0,7
nervous system kids,0,5,0,10.6
nervous system literacy,0,1,0,16
nervous system mapping pdf,0,12,0,7.9
nervous system mapping worksheets for ipv clinicians,0,7,0,39.4
nervous system regulation for children,0,32,0,10.9
nervous system regulation kids,0,4,0,9
nervous system worksheet,0,2,0,9
nervous system worksheet for kids,0,1,0,10
nervous system worksheets for kids,0,1,0,7
neuro nudge speech spark,0,1,0,3
neurodivergent,0,1,0,3
neurodivergent child,0,1,0,4
neurodivergent in toddlers,0,1,0,2
neurodivergent toddler,0,1,0,2
neurodivergent toddler signs,0,2,0,1
neurodivergent women,0,2,0,3
next steps for a 2 year old,0,1,0,3
nhs 18 month speech development how many words,0,6,0,2
nhs dyslexia working memory,0,15,0,10.9
nhs omega-3 children speech delay evidence,0,2,0,11
nhs speech and language 18 months how many words,0,2,0,3.5
nhs speech and language development 18 months no words,0,5,0,3.8
nhs speech and language development 18 months words,0,4,0,8.2
nhs speech delay,0,1,0,6
nhs toddler speech delay when to seek help 18 months,0,6,0,5.3
nigella lawson,0,1,0,3
nigella lawson husband,0,1,0,4
nigella lawson partner,0,1,0,4
night terrors 18 months old,0,2,0,2.5
night terrors in 18 month old,0,1,0,2
night terrors toddler,0,2,0,2.5
no and no,0,1,0,2
no another one,0,1,0,4
no babbling by 12 months red flag speech delay,0,10,0,8
no eye contact,0,1,0,1
no habla mucho,0,1,0,3
no motor skills,0,4,0,10.8
no single words by 16 months red flag speech delay,0,7,0,9.6
no speech at 18 months,0,17,0,4.6
no speech at 2 years old,0,3,0,20.7
no talking sign for kids,0,1,0,9
no words at 16 months,0,1,0,26
no words at 17 months,0,4,0,5.8
no words at 19 months,0,4,0,13
no words at all,0,2,0,9
no words by 18 months,0,32,0,6.2
no working memory dyslexia,0,13,0,9.2
non fluency,0,8,0,12.8
non verbal 2 year old girl,0,1,0,3
non verbal 4 year old boy,0,3,0,3
non verbal 5 year old,0,1,0,3
non verbal at 18 months,0,27,0,6.0
non verbal at 2,0,1,0,1
non verbal child,0,5,0,2.4
non verbal child age 2,0,1,0,2
non verbal child meaning,0,1,0,2
non verbal children causes,0,2,0,2
non verbal toddler,0,2,0,2
non verbal toddlers,0,1,0,2
non-fluency,0,2,0,11
non-verbal,0,1,0,3
nonfluencies,0,1,0,20
nonfluency,0,3,0,7
nonverbal 18 month old,0,6,0,2.3
nonverbal 2 year old,0,1,0,3
nonverbal childcare,0,3,0,60.7
normal 18 month old behavior,0,1,0,2
normal age for a baby to talk,0,7,0,10
normal age for a child to talk,0,3,0,7.7
normal age for babies to start talking,0,10,0,10.2
normal age for babies to talk,0,8,0,13
normal age for baby to speak,0,1,0,10
normal age for baby to start talking,0,1,0,11
normal age for baby to talk,0,49,0,10.9
normal age for child to speak,0,8,0,7.9
normal age for child to start talking,0,9,0,6.9
normal age for children to start talking,0,40,0,8.1
normal age for first sentence,0,1,0,9
normal age for kids to start talking,0,50,0,7.6
normal age for kids to talk,0,1,0,12
normal age for speaking,0,12,0,7.3
normal age for speech development,0,6,0,9.2
normal age for talking,0,44,0,13.2
normal age for talking in babies,0,4,0,10.8
normal age kids start talking,0,18,0,8.7
normal age of baby to talk,0,6,0,11.8
normal age of child to speak,0,10,0,9.3
normal age to speak first words,0,1,0,9
normal age to start speaking,0,35,0,9.3
normal age to start talking,0,126,0,10.5
normal age to talk,0,26,0,13.3
normal age when babies start talking,0,2,0,17.5
normal baby speaking age,0,17,0,11.2
normal baby talking age,0,13,0,11.1
normal child speaking age,0,7,0,5.7
normal development for 2 year old,0,1,0,5
normal language development 18 months,0,4,0,6.2
normal non fluency,0,29,0,8.7
normal non fluency age,0,6,0,9.2
normal non fluency vs stuttering,0,4,0,8
normal speaking age,0,20,0,14.4
normal speaking age for babies,0,8,0,11.4
normal speaking age for kids,0,5,0,9.4
normal speech and language development,0,1,0,5
normal speech development 18 months,0,1,0,1
normal talking age,0,34,0,18.2
normal talking age for babies,0,17,0,11.1
normal weight for 2 year old girl,0,1,0,2
normal weight of 18 months baby girl,0,1,0,3
normally at what age a child start speaking,0,16,0,9.5
not crawling at 12 months,0,1,0,2
not talking,0,15,0,7.1
not talking at 15 months,0,5,0,47.4
not talking at 16 months,0,7,0,25.9
not talking at 17 months,0,2,0,6
not talking at 19 months,0,9,0,11.7
not talking at 2,0,1,0,3
not talking at 2 years old,0,1,0,2
not talking at 20 months,0,1,0,9
not talking at 3 years old,0,1,0,3
not talking by 18 months,0,17,0,6.4
not talking much,0,5,0,8
not talking until 3 years old,0,2,0,2
not walking at 18 months,0,3,0,2.7
number of words 18 month old,0,1,0,2
number of words 2 year old,0,1,0,3
number of words at 2 years,0,1,0,2
numbers and letters for toddlers,0,1,0,3
numbers mixed up,0,1,0,3
nurery near me,0,1,0,3
nurseries bournemouth,0,1,0,4
nursery activities for 1 year olds,0,1,0,4
nursery costs for 2 year olds,0,1,0,3
nursery funding for 2 year olds,0,1,0,5
nursery near me,0,1,0,5
nursery plympton,0,1,0,9
nutrition for speech and language impairments,0,44,0,5.9
nutritional drinks for toddler speech development,0,7,0,9.9
nutritious toddler meals,0,1,0,6
oh crap potty training,0,1,0,2
ok,0,1,0,1
omega 3 fish oil for kids with autism,0,1,0,3
omega 3 for autistic kids,0,2,0,2
omega 3 for kids with autism,0,1,0,3
omega 3 for speech delay,0,40,0,9.6
omega 3 for toddler speech delay,0,11,0,8.1
omega 3 speech delay,0,8,0,8.2
omega 3 syrup for autistic child,0,1,0,3
omega autism,0,1,0,1
omega-3 fatty acids,0,2,0,11
on average when do babies start talking,0,2,0,6
one and a half year old not talking,0,1,0,1
one year old activities,0,1,0,5
one year old baby,0,2,0,2.5
one year old doesn't talk,0,1,0,3
one year old milestones,0,2,0,3
one year old not talking,0,17,0,8.2
one year old not talking yet,0,6,0,19.7
one year old portion sizes,0,1,0,9
one year old wont eat,0,1,0,2
online autism therapy for kids in london,0,1,0,74
online child assessment uk,0,2,0,65
online speech therapist uk,0,1,0,11
online speech therapy for children,0,1,0,47
online speech therapy for kids,0,2,0,49.5
online speech therapy for kids free,0,5,0,5.6
oral dyspraxia,0,52,0,12.3
oral dyspraxia symptoms,0,50,0,9.3
oral motor delays,0,1,0,2
oral motor speech delay,0,1,0,3
orofacial dyspraxia,0,4,0,27
oromotor dyspraxia,0,4,0,16
orpington therapist,0,4,0,22.8
ot and speech therapy near me,0,1,0,3
outdoor activities for 1 year old,0,1,0,3
outdoor trampoline for kids,0,1,0,5
overextension psychology,0,1,0,2
overtired toddler,0,1,0,3
pacifier delay speech,0,1,0,3
paediatric speech and language therapist,0,1,0,70
paediatric speech pathologist,0,2,0,34.5
paediatric speech therapist,0,5,0,37.4
paediatric speech therapy,0,1,0,21
pamiec fonologiczna,0,1,0,2
pamięć fonologiczna,0,3,0,3
pamięć fonologiczna co to jest,0,2,0,3
parent pathway,0,1,0,7
parentese meaning,0,1,0,3
part word repetition,0,1,0,77
parts language,0,1,0,1
parts of a language,0,4,0,9.5
parts of language,0,13,0,13.2
passion dysphonia,0,1,0,9
pda and potty training,0,5,0,9.4
pda and toileting,0,12,0,13.7
pda potty training,0,4,0,11
peasholm park tickets,0,1,0,2
pedagogy in education,0,1,0,2
pediasure benefits for 2 year old,0,1,0,2
pediatric slp,0,3,0,11.7
pediatric speech language pathologist,0,2,0,37.5
pediatric speech pathologist,0,1,0,9
pediatric speech therapist,0,4,0,34.5
pediatric speech therapists,0,3,0,35.3
pediatric speech therapy,0,1,0,69
pediatric speech therapy associates,0,1,0,68
pediatric speech therapy clinic,0,1,0,24
pediatric speech therapy greenwich,0,16,0,8.4
pediatric speech therapy near me,0,5,0,29.2
pediatric speech-language pathologist,0,1,0,9
pediatric voice disorders,0,4,0,38
peeing,0,1,0,2
peki ne yemeli,0,1,0,1
percentage of girls with autism,0,1,0,2
petts wood,0,1,0,33
petts wood orthodontist,0,1,0,42
pflegerelevante vokale auffälligkeiten,0,1,0,2
phonemic expansion,0,1,0,39
phonemic memory,0,22,0,10.9
phonetic memory,0,2,0,9.5
phonetic memory meaning,0,1,0,12
phonological awareness,0,11,0,8.9
phonological awareness kya hai,0,1,0,3
phonological awareness.,0,1,0,13
phonological loop adalah,0,1,0,2
phonological loop psychology definition,0,1,0,2
phonological memory ctopp,0,1,0,3
phonological memory deficit,0,1,0,19
phonological memory definition,0,69,0,10.1
phonological memory meaning,0,42,0,6.5
phonological processing phonological awareness phonological memory rapid naming definition,0,3,0,3
phonological processing vs phonological awareness,0,3,0,19
phonological retrieval,0,1,0,57
phonological short term memory,0,7,0,26.9
phonological short-term memory,0,4,0,32.2
phonological working memory definition,0,6,0,3.5
physical and motor skills,0,1,0,5
physical development,0,1,0,3
pincer grasp age,0,1,0,3
pincer grip,0,1,0,3
play dates,0,1,0,3
play group for 2 year old,0,1,0,2
play group near me,0,1,0,6
play groups for toddlers,0,1,0,5
play ideas for 1 year old,0,1,0,8
play pen baby,0,1,0,3
play pen for toddler,0,1,0,3
pode ser autismo,0,1,0,2
poop,0,1,0,12
poor motor skills,0,5,0,27.6
poor phonemic awareness,0,1,0,1
poor phonological awareness,0,6,0,11.2
poor working memory and dyslexia,0,31,0,9.3
poor working memory dyslexia,0,39,0,6.2
poor working memory in child,0,1,0,13
porn,0,1,0,9
potty asda,0,1,0,5
potty for autistic child,0,3,0,12.7
potty therapy,0,1,0,11
potty training,0,6,0,2.2
potty training 5 year old with autism,0,1,0,10
potty training 6 year old with autism,0,8,0,6.5
potty training a child with autism,0,1,0,80
potty training adhd girl,0,10,0,8.5
potty training adhd toddler,0,9,0,4.8
potty training age,0,2,0,3
potty training an autistic 3 year old,0,1,0,12
potty training and adhd,0,17,0,13.8
potty training asd,0,20,0,28.2
potty training at 4 years old,0,1,0,1
potty training autism,0,32,0,18.5
potty training autism age 4,0,1,0,8
potty training autistic 4 year old,0,3,0,10.3
potty training autistic boy,0,1,0,3
potty training autistic child,0,6,0,10.3
potty training autistic child age 3,0,3,0,49.7
potty training autistic child age 4,0,12,0,12.6
potty training autistic child age 5,0,4,0,40
potty training autistic child age 6,0,11,0,17.1
potty training autistic child age 7,0,6,0,7.7
potty training autistic toddler,0,2,0,11
potty training boys,0,1,0,3
potty training boys age 4,0,1,0,3
potty training boys with autism,0,2,0,29
potty training developmental delay,0,2,0,37.5
potty training difficulties,0,1,0,16
potty training for autistic child,0,1,0,9
potty training for autistic children,0,1,0,12
potty training for autistic kids,0,9,0,9.6
potty training for special needs,0,2,0,26
potty training for special needs kids,0,1,0,12
potty training help,0,1,0,1
potty training non verbal,0,1,0,36
potty training pants,0,1,0,3
potty training pda child,0,2,0,10.5
potty training regression,0,1,0,1
potty training seat,0,1,0,9
potty training seat for autistic child,0,2,0,12.5
potty training special needs,0,4,0,19.2
potty training special needs child,0,3,0,21.3
potty training specialist for autistic child,0,6,0,40.5
potty training therapist,0,8,0,7.8
potty training therapy near me,0,1,0,9
potty training tips,0,1,0,3
potty training toilet for autistic child,0,1,0,10
potty training visuals,0,1,0,11
potty training with adhd,0,11,0,8.1
potty training with speech delay,0,1,0,22
potty training your autistic child,0,3,0,49.3
potty watch,0,1,0,2
prayer for child with speech delay,0,1,0,2
prayer for speech delay child,0,1,0,2
pre teens,0,1,0,2
preschool activities for 2 year olds,0,1,0,6
preschooler language development,0,1,0,30
pretend play for toddlers,0,1,0,9
price for speech therapy,0,1,0,12
principles of language development,0,4,0,29.8
printable 2 year old assessment checklist,0,1,0,6
private child speech therapy near me,0,5,0,11.4
private children's speech and language therapy,0,1,0,8
private children's speech therapy,0,6,0,45.8
private developmental delay treatment clinic uk or usa email contact,0,5,0,7.6
private kids speech therapy,0,2,0,9
private paediatric dietitian near me,0,1,0,2
private paediatric speech and language therapy,0,1,0,24
private salt assessment near me,0,1,0,1
private slt london,0,43,0,50.3
private speech,0,4,0,59.5
private speech and language,0,1,0,9
private speech and language assessment near me,0,1,0,2
private speech and language therapist,0,6,0,20.5
private speech and language therapist london,0,5,0,63.2
private speech and language therapist near me,0,1,0,2
private speech and language therapists,0,4,0,38.8
private speech and language therapy for 2 year old,0,10,0,8.3
private speech and language therapy for toddlers,0,4,0,61.2
private speech and language therapy kent,0,7,0,13.4
private speech and language therapy london,0,32,0,59.8
private speech and language therapy prices,0,1,0,64
private speech and language therapy uk,0,5,0,78
private speech child development,0,1,0,37
private speech delay autism clinic uk or usa email contact,0,2,0,7.5
private speech language therapy,0,1,0,59
private speech therapist,0,3,0,30.7
private speech therapist grimsby,0,12,0,57.5
private speech therapist lincolnshire,0,2,0,76
private speech therapist london,0,25,0,50
private speech therapists near me,0,1,0,12
private speech therapy,0,72,0,29.4
private speech therapy cost,0,1,0,47
private speech therapy cost near me,0,13,0,12.5
private speech therapy doncaster,0,1,0,1
private speech therapy for autism near me,0,8,0,6.1
private speech therapy for autistic child,0,2,0,10.5
private speech therapy for children,0,5,0,19.8
private speech therapy for kids,0,5,0,10.4
private speech therapy for stammering child,0,4,0,19.2
private speech therapy for toddlers,0,8,0,17.2
private speech therapy london,0,70,0,59.8
private speech therapy london etc,0,1,0,40
private speech therapy near me,0,25,0,13.2
private speech therapy surrey,0,1,0,3
private speech therapy uk,0,13,0,53.9
private voice clinic london,0,1,0,93
problems with fine motor skills,0,3,0,11.3
process of language development,0,1,0,24
produce speech sounds(7),0,1,0,1
professional speech therapy,0,2,0,61.5
professionalspeech therapy for kids,0,4,0,15.8
prognose,0,1,0,6
prognose?,0,1,0,3
prompt speech therapy uk,0,8,0,54.5
provide red flags,0,1,0,2
psychogenic stuttering,0,1,0,4
puberphonia treatment near me,0,1,0,4
public speaking classes for kids near me,0,1,0,3
public speaking for kids london,0,2,0,67.5
que es dispraxia verbal,0,1,0,2
que es la dispraxia verbal,0,1,0,4
quietly blooming meaning in hindi,0,2,0,11
qué pasaría si no desarrollamos las habilidades motrices,0,1,0,5
raising little talkers,0,1,0,5
reading age 2,0,1,0,3
ready steady talk,0,1,0,36
reason for speech delay in child,0,1,0,2
reasons for speech delay in 2 year old,0,1,0,2
reasons for speech delay in 3 year old,0,1,0,2
receptive expressive language delay,0,1,0,3
receptive language disorder,0,1,0,3
recipes for toddlers 12-18 months,0,1,0,6
recipes for toddlers 18 months,0,1,0,4
red flag speech delay,0,6,0,4.3
red flags,0,11,0,2.8
red flags 2 year old,0,1,0,13
red flags delayed speech in babies,0,4,0,9.2
red flags delayed speech in infants toddlers,0,4,0,9.8
red flags delayed speech in toddlers,0,2,0,10
red flags for 18 month old,0,6,0,12.5
red flags for speech delay in children,0,1,0,5
red flags for speech delay in toddlers,0,45,0,7.9
red flags for speech development,0,1,0,1
red flags speech delay 24 months,0,7,0,8
red flags speech delay 3 year old,0,3,0,6.3
red flags speech development,0,7,0,7.6
red late,0,1,0,6
red shirt kids,0,1,0,6
reduced fine motor skills,0,11,0,9.9
reduced motor skills,0,10,0,8.4
regression at 18 months,0,1,0,2
regression at 2 years old,0,1,0,2
reins for toddlers good or bad,0,1,0,4
respond,0,1,0,1
rest child,0,1,0,10
retraso habla,0,1,0,7
rewrite this selection using different words and expressions,0,2,0,2
riabilitazione logopedia,0,1,0,2
right to choose dyspraxia,0,1,0,3
rosenbek,0,1,0,39
rosetti test,0,1,0,2
røde flagg,0,1,0,2
s2c practitioner near me,0,1,0,12
safe sleep aid for toddlers,0,1,0,3
salt expert witness,0,3,0,13.7
salt language sample,0,1,0,3
salt team nhs,0,1,0,3
sand and water table argos,0,1,0,8
sanfilippo syndrome,0,1,0,3
sarah buckley therapies,0,5,0,39.6
screen time for 2 year old,0,2,0,3.5
screen time for 2 year olds,0,1,0,2
screen time toddler,0,1,0,6
segnali di autismo,0,1,0,3
"select all of the correct answers. autism can cause difficulties relating to eating and diet. possible causes of this include: hyper/hypo sensitivities to touch, smell or taste the individual is being difficult dislike of change",0,5,0,10.6
self assessment module 3,0,9,0,13
self refer to speech and language,0,1,0,4
self-soothing baby 1 year old,0,1,0,3
semantic language development,0,2,0,38
sen lawyer near me,0,1,0,4
sen parent support,0,1,0,3
sen solicitors near me,0,2,0,2
send solicitors,0,1,0,3
sensory disorder food,0,5,0,68.2
sensory eating autism,0,1,0,1
sensory eating issues,0,9,0,80.1
sensory food aversion,0,4,0,32
sensory food aversions,0,3,0,28
sensory food issues,0,3,0,60
sensory foods for autism,0,2,0,1
sensory issues and food,0,2,0,73.5
sensory issues and potty training,0,7,0,13
sensory issues food,0,4,0,75.8
sensory issues with food,0,4,0,74.5
sensory meltdown vs tantrum,0,1,0,23
sensory potty,0,1,0,11
sensory potty training,0,2,0,9.5
sensory problems with food,0,4,0,71.8
sensory processing disorder and potty training,0,8,0,9.1
sensory processing disorder food,0,2,0,76
sensory processing disorder potty training,0,5,0,8.2
sensory processing disorder with food,0,1,0,84
sensory seeking behavior 2 year old,0,1,0,2
sensory seeking toddler,0,1,0,3
sensory toilet,0,1,0,10
sensory toilet seat,0,1,0,14
separation anxiety 18 months,0,1,0,2
sexual.health clinic near me,0,1,0,1
sh age,0,3,0,6.7
sh age of acquisition,0,1,0,68
sh sound development age,0,1,0,11
sh words list,0,1,0,3
share,0,1,0,2
she is 18 months old,0,1,0,2
short prayer for child with speech delay,0,1,0,3
short term memory and dyslexia,0,10,0,13.5
short term memory dyslexia,0,25,0,14.4
should 1 year old be talking,0,3,0,24.3
should 10 month old be talking,0,2,0,7
should 12 month old be talking,0,9,0,11.9
should 15 month old be talking,0,1,0,2
should 16 month old be talking,0,2,0,7
should 17 month old be talking,0,4,0,6.5
should 18 months old be talking,0,8,0,2
should 19 month old be talking,0,1,0,36
should 2 year olds be talking,0,1,0,3
should 2 years old be talking,0,2,0,8.5
should 20 month old be talking,0,1,0,2
should 3 year olds be able to talk,0,1,0,2
should a 1 and a half year old be talking,0,3,0,7
should a 1 year old be talking,0,2,0,33.5
should a 1.5 year old be talking,0,4,0,10
should a 10 month old be talking,0,5,0,10.4
should a 12 month old be talking,0,2,0,10.5
should a 15 month old be talking,0,1,0,52
should a 16 month old be talking,0,2,0,16
should a 17 month old be talking,0,13,0,8.8
should a 19 month old be talking,0,7,0,2
should a 2 and a half year old be talking,0,1,0,2
should a 2 year old be able to count to 10,0,1,0,3
should a 2 year old be able to jump,0,1,0,2
should a 2 year old be talking,0,17,0,2.3
should a 2 year old know colors,0,1,0,2
should a 2-year-old be talking,0,1,0,2
should a 2.5 year old be talking,0,2,0,7
should a 20 month old be talking,0,1,0,2
should a 21 month old be talking,0,1,0,2
should a 22 month old be talking,0,1,0,2
should a 24 month old be talking,0,1,0,9
should a 28 month old be talking,0,1,0,2
should a 3 year old be talking,0,2,0,2
should a 4 year old speak clearly,0,1,0,2
should a baby be talking at 1,0,2,0,5
should a baby be talking at 2,0,2,0,9.5
should a child be speaking at 2 years old,0,1,0,2
should a child be talking at 2,0,1,0,3
should a child be talking at 2 years old,0,4,0,9
should a child be talking by 18 months,0,13,0,2.8
should a child be talking by 2,0,4,0,7
should a child be talking by 3,0,7,0,11.1
should a child speak by age 2,0,2,0,11
should a kid be talking by 2,0,2,0,3.5
should a one and a half year old be talking,0,1,0,1
should a one year old be talking,0,39,0,10.1
should a one year old be walking,0,1,0,2
should a two year old be able to talk,0,1,0,2
should a two year old be talking,0,2,0,2
should an 11 month old be talking,0,1,0,3
should babies be talking at 1,0,1,0,2
should babies watch tv,0,1,0,2
should baby be talking at 12 months,0,1,0,13
should baby be talking at 18 months,0,3,0,4
should children be talking at 2 years,0,3,0,14.7
should children be talking by 2,0,8,0,11.4
should i be concerned if my 16 month old isn t talking,0,3,0,6.7
should i be concerned if my 18 month old isn't talking,0,4,0,1.8
should i be concerned if my 2 year old is not talking,0,2,0,10.5
should i be concerned my 18 month old is not talking,0,1,0,11
should i be worried if my 1 year old isn't talking,0,5,0,9
should i be worried if my 17 month old isn't talking,0,15,0,5.5
should i be worried if my 2 year old is not talking,0,1,0,3
should i be worried if my 2 year old isn't talking,0,1,0,9
should i be worried if my 20 month old isn't talking,0,10,0,6.7
should i be worried if my child is not talking at 18 months,0,2,0,2.5
should i worry if my 18 month old is not talking,0,1,0,8
should kids be talking by 2,0,5,0,10.8
should kids be talking by 3,0,1,0,9
should my 1 year old be talking,0,2,0,7
should my 1 year old be walking,0,1,0,3
should my 10 month old be saying words,0,1,0,11
should my 10 month old be talking,0,3,0,11.7
should my 11 month old be talking,0,1,0,10
should my 11 month old be walking,0,1,0,3
should my 12 month old be talking,0,4,0,8.5
should my 15 month old be saying words,0,1,0,2
should my 16 month old be talking,0,1,0,2
should my 17 month old be talking,0,12,0,9.2
should my 19 month old be talking,0,10,0,12
should my 2 year old be talking,0,4,0,5.8
should my 20 month old be talking,0,2,0,3
should my 23 month old be talking,0,1,0,2
should my 8 month old be talking,0,3,0,7
should my baby be talking at 1,0,1,0,7
should my baby be talking at 10 months,0,1,0,13
should my baby be talking at 15 months,0,2,0,10
should my child be talking at 2,0,11,0,10.6
should my one year old be talking,0,10,0,12
should my son be talking at 2,0,8,0,9.6
should one year old be talking,0,1,0,9
should two year olds be talking,0,1,0,33
should you wake a toddler from a nap,0,1,0,2
si,0,1,0,3
sidcup,0,1,0,4
sids,0,1,0,3
sign of speech delay,0,1,0,85
significantly?,0,1,0,6
signs and symptoms of stuttering,0,1,0,40
signs baby will talk soon,0,1,0,27
signs my toddler needs speech therapy,0,1,0,96
signs of a gifted 2 year old,0,1,0,3
signs of a late talker,0,6,0,9.7
signs of a speech impediment,0,1,0,2
signs of adhd in 2 year old,0,1,0,3
signs of aspergers,0,1,0,2
signs of autism 11 month old,0,1,0,2
signs of autism 11 months,0,2,0,2.5
signs of autism in 10 year old girls,0,1,0,1
signs of autism in 18 month old,0,1,0,3
signs of autism in 2 year old,0,1,0,2
signs of autism in 4 year old girls,0,1,0,2
signs of autism in 5 year old girl,0,1,0,3
signs of autism in 9 month old quiz,0,1,0,3
signs of autism in babies,0,2,0,3.5
signs of autism in girls,0,3,0,3
signs of autism in women,0,1,0,3
signs of delayed speech,0,1,0,2
signs of delayed speech in toddlers,0,6,0,54.8
signs of hip dysplasia in 1 year old,0,1,0,2
signs of late talker,0,3,0,11.7
signs of oral dyspraxia in preschoolers,0,76,0,11
signs of overstimulation in 2 year old,0,2,0,3
signs of speech delay,0,2,0,44
signs of speech delay 18 months,0,9,0,36.4
signs of speech delay in 18 month old,0,10,0,17.7
signs of speech delay in 2 year old,0,2,0,2.5
signs of speech delay in 20 month old,0,2,0,9.5
signs of speech delay in 3 year old,0,3,0,23
signs of speech delay in toddlers,0,10,0,77.3
signs of speech progress,0,4,0,9.5
signs of sun stroke in toddlers,0,1,0,2
signs of terrible twos,0,1,0,3
signs of verbal dyspraxia,0,11,0,8.9
signs to watch for,0,1,0,4
signs your child is nonverbal,0,2,0,2
signs your toddler is not ready for a bed,0,1,0,3
simple crafts for 1 year olds,0,1,0,6
single channelled attention,0,1,0,69
site:articulatekids.co.uk,0,30,0,26.7
sl therapy london,0,1,0,44
slcn diagnosis,0,1,0,3
sleep,0,1,0,3
sleep and child development,0,2,0,10.5
sleep and language development,0,59,0,12.6
sleep boy,0,1,0,1
sleep disturbances,0,1,0,1
sleep for 12 year old boy,0,1,0,3
sleep regression 17 months,0,1,0,3
sleep regression 18 months,0,6,0,3
sleep regression ages,0,1,0,3
sleep regression at 18 months,0,1,0,3
sleep talking in children,0,1,0,3
sleep training 18 month old,0,1,0,5
sleep training toddler 2 year old,0,1,0,3
slow language development,0,2,0,3
slow speech,0,1,0,3
slow speech development,0,2,0,1
slow speech development in 2 year old,0,2,0,31.5
slow talker meaning,0,1,0,1
slow talker toddler,0,4,0,14.8
slp services,0,1,0,73
slt near me,0,1,0,1
smacking children law,0,1,0,3
smyths table and chairs for toddlers,0,1,0,9
snacks for 2 year olds,0,1,0,3
social communication disorder and adhd,0,1,0,16
soeech therapist,0,4,0,7.5
soeech therapist near me,0,1,0,8
soeech therapy,0,2,0,10.5
soft play downings,0,1,0,4
solo 3,0,1,0,6
sometime,0,1,0,4
son 18 meses,0,1,0,2
"son is nirmal, says a few words amd met all physical milestones, but doesnt make eye contact, answer ti his name or point at 18 months",0,1,0,1
sound development by age,0,1,0,65
south london,0,1,0,2
speach and language therapy,0,1,0,8
speach terapy,0,1,0,1
speach therapist,0,6,0,13.5
speach therapist near me,0,1,0,11
speach therapy for children,0,4,0,17.8
speach therapy for kids,0,1,0,1
speach therapy near me,0,1,0,4
speach theropy,0,1,0,1
speach therpist,0,1,0,90
speak age,0,40,0,7.5
speak as late as possible,0,4,0,8.5
speak later,0,3,0,9.7
speak therapist,0,2,0,13
speak vitamins for speech delay,0,1,0,11
speaking age,0,50,0,7.1
speaking age of a child,0,2,0,8.5
speaking age of baby,0,7,0,10
speaking age of baby boy,0,2,0,6.5
speaking children,0,1,0,28
speaking delay,0,6,0,1
speaking delay 3 year old,0,1,0,2
speaking development,0,3,0,33.3
speaking milestones baby,0,1,0,3
speaking milestones by age,0,10,0,9.1
speaking problem in child,0,1,0,2
speaking therapy for kids near me,0,1,0,1
speaking therapy near me,0,1,0,4
special educational needs lawyers,0,1,0,4
special needs,0,1,0,5
special needs potty,0,5,0,18.6
special needs potty training,0,33,0,20.1
special needs toilet training,0,24,0,24.6
specialist speech and language therapist,0,2,0,15
specific red flags,0,1,0,2
speech,0,8,0,2.4
speech & language therapist,0,2,0,10
speech & language therapy expert,0,11,0,20.1
speech 15 month old,0,1,0,3
speech 16 month old,0,1,0,12
speech 18 month old milestones,0,1,0,1
speech 18 months,0,17,0,14.2
speech 4 kids,0,1,0,19
speech about adhd,0,1,0,16
speech adhd,0,12,0,6.8
speech age,0,6,0,9.2
speech and adhd,0,11,0,9.5
speech and lan,0,1,0,8
speech and langauge therapist,0,1,0,1
speech and language,0,1,0,11
speech and language assessment,0,1,0,3
speech and language assessment nhs,0,1,0,3
speech and language associates,0,2,0,25.5
speech and language clinic,0,2,0,33
speech and language consultant,0,1,0,1
speech and language development,0,36,0,24.2
speech and language development 2-3 years,0,1,0,50
speech and language development 6-12 months,0,2,0,69
speech and language development in children,0,1,0,18
speech and language expert witness,0,3,0,7.3
speech and language impairment,0,1,0,3
speech and language kids,0,2,0,15.5
speech and language milestones 18 months,0,3,0,7.3
speech and language pathologist,0,3,0,61.3
speech and language referral,0,1,0,5
speech and language referral devon,0,1,0,7
speech and language therapist assessment,0,1,0,10
speech and language therapist for autism,0,1,0,12
speech and language therapist for children,0,6,0,27.5
speech and language therapist for kids,0,1,0,9
speech and language therapist london,0,28,0,49.5
speech and language therapists,0,6,0,46.2
speech and language therapists near me,0,3,0,1
speech and language therapy assessment,0,1,0,3
speech and language therapy autism uk,0,1,0,75
speech and language therapy children,0,1,0,10
speech and language therapy clinic,0,2,0,22.5
speech and language therapy clinics,0,1,0,47
speech and language therapy dartford,0,32,0,5.1
speech and language therapy east london,0,2,0,35.5
speech and language therapy enfield,0,4,0,44.5
speech and language therapy for 3 year olds,0,1,0,3
speech and language therapy for children,0,2,0,8
speech and language therapy for children near me,0,1,0,13
speech and language therapy for children surrey,0,1,0,68
speech and language therapy for kids,0,3,0,47.3
speech and language therapy for toddlers,0,1,0,1
speech and language therapy fulham,0,2,0,60.5
speech and language therapy kent,0,7,0,17.3
speech and language therapy kids,0,3,0,12.7
speech and language therapy london,0,97,0,59.3
speech and language therapy private,0,3,0,5
speech and language therapy private near me,0,3,0,8.7
speech and language therapy referral,0,1,0,4
speech and language therapy self referral nhs,0,1,0,6
speech and language therapy toddler,0,1,0,3
speech and language therapy wirral,0,1,0,5
speech and occupational therapy near me,0,1,0,2
speech and sound disorder,0,1,0,3
speech articulation therapy,0,1,0,17
speech at 14 months old,0,1,0,3
speech at 15 months,0,1,0,3
speech at 18 months,0,151,0,9.9
speech at 18 months old,0,55,0,10.5
speech at 19 months,0,2,0,2.5
speech at 19 months old,0,1,0,14
speech at 2,0,1,0,3
speech at 20 months,0,3,0,3
speech at 20 months old,0,1,0,3
speech at 22 months,0,1,0,2
speech baby milestones,0,1,0,1
speech behavior,0,1,0,26
speech behaviour,0,2,0,36.5
speech blubs,0,1,0,3
speech blubs cost,0,1,0,3
speech by 18 months,0,12,0,8
speech by age,0,2,0,10
speech center,0,2,0,39.5
speech centre,0,1,0,45
speech challenges in expatriate kids,0,1,0,28
speech classes for kids,0,4,0,19.2
speech classes for kids near me,0,1,0,3
speech clinic,0,6,0,14.3
speech clinics near me,0,3,0,14
speech coach for kids,0,14,0,6.5
speech coach kent,0,16,0,9.4
speech correction therapy,0,2,0,46.5
speech debelle speech therapy,0,1,0,33
speech defect,0,1,0,3
speech delay,0,21,0,10.6
speech delay 17 month old,0,2,0,16.5
speech delay 18 month old,0,16,0,10.6
speech delay 18 months,0,50,0,16.3
speech delay 2 year old,0,3,0,2.7
speech delay 2.5 year old,0,1,0,3
speech delay 20 months,0,4,0,4
speech delay 21 months,0,1,0,34
speech delay 3 year old,0,2,0,2.5
speech delay 3 year old boy,0,1,0,3
speech delay 4 year old,0,1,0,3
speech delay 5 year old,0,1,0,2
speech delay adhd,0,65,0,10.3
speech delay adhd or autism,0,1,0,11
speech delay and adhd,0,36,0,9.9
speech delay and hyperactivity,0,7,0,10.6
speech delay and sensory issues,0,1,0,3
speech delay at 18 months,0,5,0,38.8
speech delay at 3 years old,0,2,0,2
speech delay at 4 years old,0,3,0,2.3
speech delay but understands everything,0,1,0,9
speech delay causes,0,11,0,2.4
speech delay disorder,0,1,0,2
speech delay food,0,4,0,6.2
speech delay help near me,0,1,0,10
speech delay in 18 month old,0,22,0,21.1
speech delay in 19 month old,0,1,0,2
speech delay in 2 year old,0,7,0,2.9
speech delay in 2.5 year old,0,1,0,2
speech delay in 2.5 year old boy,0,1,0,2
speech delay in 3 year old,0,5,0,2.6
speech delay in 4 year old,0,2,0,2.5
speech delay in adhd kids,0,1,0,8
speech delay in boys,0,3,0,41.7
speech delay in child,0,1,0,2
speech delay in children,0,11,0,3.4
speech delay in children uk,0,124,0,37.5
speech delay in kids,0,1,0,3
speech delay in toddler vs autism,0,2,0,1
speech delay in toddlers,0,11,0,3
speech delay in twins,0,1,0,3
speech delay or autism,0,1,0,2
speech delay signs,0,2,0,2.5
speech delay signs & milestones,0,5,0,78.8
speech delay signs in toddlers,0,1,0,5
speech delay supplements,0,1,0,3
speech delay support,0,4,0,24.8
speech delay symptoms,0,3,0,29
speech delay symptoms in 3 year old,0,1,0,2
speech delay therapy,0,25,0,31.9
speech delay toddler,0,5,0,35
speech delay toddler signs,0,1,0,60
speech delay tongue tie,0,1,0,3
speech delay treatment,0,5,0,10.2
speech delay vitamin deficiency,0,1,0,11
speech delay vitamins for kids,0,6,0,6
speech delay vs autism,0,8,0,2.4
speech delay vs autism 2-year-old,0,2,0,3
speech delay vs late talker,0,3,0,2.3
speech delay with adhd,0,11,0,6.8
speech delayed children,0,2,0,63
speech delayed toddler,0,1,0,2
speech delayed vs autism,0,1,0,2
speech delays,0,2,0,2.5
speech delays in 18 month old,0,4,0,30.2
speech delays in 2 year olds,0,2,0,53.5
speech delays in 3 year olds,0,2,0,2
speech delays in 4 year olds,0,1,0,2
speech delays in children,0,2,0,1
speech delays in toddlers,0,1,0,3
speech development,0,1,0,4
speech development 18 month old,0,2,0,8.5
speech development 18 months,0,15,0,10.1
speech development 22 month old boy,0,1,0,3
speech development at 18 months,0,7,0,23.7
speech development chart,0,1,0,5
speech development chart by age,0,18,0,2.9
speech development for 18 month old,0,12,0,16.3
speech development in 18 month old,0,4,0,21.8
speech development in autism,0,4,0,1
speech development in babies,0,1,0,4
speech development in children,0,3,0,2.7
speech development in infants,0,1,0,1
speech development in kids,0,1,0,2
speech development in toddlers,0,3,0,1
speech development milestones,0,11,0,4.8
speech development records,0,1,0,31
speech development toys for 2 year olds,0,1,0,4
speech development york,0,4,0,57
speech difficulties in children,0,1,0,3
speech disorders in children,0,2,0,3
speech disorders in children treatment,0,1,0,3
speech doctor,0,3,0,30.3
speech dysfluency,0,3,0,26.3
speech dyspraxia,0,123,0,11.0
speech dyspraxia can,0,49,0,9.8
speech dyspraxia in children,0,19,0,8.5
speech dyspraxia meaning,0,6,0,9.7
speech dyspraxia symptoms,0,45,0,10.5
speech expectations for 18 month old,0,4,0,10.8
speech expectations for 2.5 year old,0,2,0,1
speech food,0,54,0,7.8
speech for 18 month old,0,44,0,12.1
speech for 20 month old,0,1,0,3
speech for toddlers,0,1,0,3
speech groping,0,1,0,12
speech grow capsules,0,1,0,3
speech grow medicine,0,1,0,3
speech grow supplement,0,1,0,3
speech impairment,0,1,0,3
speech impediment,0,3,0,2.7
speech impediment adhd,0,1,0,1
speech impediment mean,0,1,0,3
speech impediment meaning,0,1,0,2
speech impediment stutter,0,1,0,39
speech impediment types,0,1,0,3
speech impetement,0,1,0,2
speech in 18 month old,0,19,0,9.5
speech in 2 year old,0,1,0,2
speech in babies,0,2,0,3
speech in infants,0,1,0,3
speech in kids,0,1,0,3
speech in toddlers,0,2,0,1
speech independent,0,2,0,58
speech issues in children,0,1,0,3
speech kids,0,6,0,10.3
speech language and communication development 11 16 years,0,1,0,30
speech language pathologist,0,1,0,34
speech language pathologist for adults,0,1,0,3
speech language pathology companies,0,1,0,81
speech language therapist,0,9,0,38.2
speech language therapist near me,0,1,0,6
speech language therapy,0,1,0,3
speech language therapy near me,0,3,0,5.3
speech languaged therapy for kids,0,2,0,68
speech lessons,0,1,0,11
speech lessons for kids,0,9,0,8.3
speech meaning,0,1,0,1
speech milestone,0,1,0,1
speech milestone 18 months,0,1,0,4
speech milestone for 18 month old,0,1,0,1
speech milestones,0,2,0,1
speech milestones 16 months,0,1,0,3
speech milestones 18 months,0,7,0,8.4
speech milestones for 18 month old,0,1,0,34
speech milestones for 2 year old,0,1,0,3
speech motor delay,0,1,0,9
speech motor planning disorder,0,4,0,8.5
speech near me,0,1,0,23
speech of 18 month old,0,2,0,31.5
speech on adhd,0,1,0,7
speech on eating healthy food,0,72,0,39.2
speech pathologist,0,11,0,50.5
speech pathologist clinic,0,1,0,33
speech pathologist london,0,1,0,62
speech pathologist near me,0,2,0,16
speech pathologist pediatric,0,1,0,23
speech pathologist therapist,0,1,0,22
speech pathology and adhd connection,0,9,0,37.6
speech physiotherapy,0,1,0,30
speech plus lake town,0,1,0,6
speech problem in children,0,1,0,3
speech production in children,0,14,0,38.6
speech progression by age,0,4,0,7
speech psychologist,0,1,0,24
speech red flags,0,4,0,8
speech regression,0,1,0,3
speech regression 2 year old,0,1,0,3
speech regression 4 year old,0,1,0,3
speech regression age 2,0,2,0,2.5
speech regression in 2 year old,0,1,0,3
speech signs,0,7,0,6.9
speech sound delay,0,1,0,19
speech sound development,0,1,0,25
speech sound development by age,0,4,0,90
speech sound disorder,0,1,0,3
speech sounds by age chart nhs,0,2,0,4
speech sounds by age development,0,1,0,77
speech specialist,0,5,0,16.4
speech specialist for kids,0,1,0,4
speech specialists,0,1,0,15
speech stammer,0,2,0,67
speech starts at what age,0,8,0,9
speech stutter,0,2,0,33.5
speech stuttering,0,1,0,20
speech support for toddlers,0,1,0,10
speech terapist,0,1,0,8
speech thearpist,0,2,0,8.5
speech ther,0,1,0,4
speech therapies,0,8,0,52
speech therapiest,0,1,0,12
speech therapis,0,1,0,7
speech therapist 2 year old,0,2,0,8.5
speech therapist alexandria va,0,1,0,7
speech therapist at home,0,1,0,21
speech therapist beckenham,0,59,0,7.8
speech therapist bexley,0,37,0,5.3
speech therapist child,0,7,0,7.4
speech therapist children,0,3,0,4.3
speech therapist chislehurst,0,60,0,7.1
speech therapist clinic near me,0,1,0,4
speech therapist cost,0,1,0,8
speech therapist eltham,0,46,0,7.5
speech therapist for 18 month old,0,3,0,24.7
speech therapist for 2 year old,0,10,0,15.8
speech therapist for 4 year old,0,1,0,3
speech therapist for adhd,0,1,0,9
speech therapist for autistic child near me,0,4,0,5.2
speech therapist for children,0,13,0,31.5
speech therapist for expat child uk,0,149,0,36.3
speech therapist for kids near me,0,4,0,10
speech therapist for toddler,0,2,0,26.5
speech therapist for toddlers,0,5,0,6.2
speech therapist greenwich,0,8,0,15.6
speech therapist grimsby,0,2,0,56
speech therapist in london,0,12,0,44.6
speech therapist in my area,0,2,0,4
speech therapist kids,0,2,0,23
speech therapist kids near me,0,1,0,11
speech therapist lewisham,0,3,0,19
speech therapist pathologist,0,2,0,36
speech therapist peterborough,0,1,0,5
speech therapist petts wood,0,55,0,6.3
speech therapist price,0,1,0,12
speech therapist private,0,1,0,1
speech therapist rustenburg,0,1,0,2
speech therapist sidcup,0,61,0,8.7
speech therapist that come to your home,0,1,0,10
speech therapist toddler,0,2,0,4
speech therapist toddler near me,0,1,0,2
speech therapist uk,0,6,0,56.2
speech therapist video,0,2,0,5
speech therapist west wickham,0,53,0,7.0
speech therapists,0,9,0,34.3
speech therapists for toddlers,0,6,0,43.5
speech therapists in london,0,5,0,46.2
speech therapists london,0,3,0,47
speech therapists near me,0,4,0,5.2
speech therapists near me for kids,0,1,0,13
speech therapost,0,1,0,12
speech therapt,0,1,0,1
speech therapy 18 month old,0,19,0,8.8
speech therapy 18 months,0,13,0,13.2
speech therapy 3 year old,0,2,0,14.5
speech therapy 3 year old near me,0,1,0,6
speech therapy 4 kid's,0,22,0,9.3
speech therapy 4 kids,0,56,0,13.2
speech therapy 7 year old,0,4,0,10.5
speech therapy adhd,0,35,0,17.3
speech therapy and adhd,0,11,0,15.3
speech therapy at 18 months,0,1,0,1
speech therapy at home for 4 year old,0,1,0,3
speech therapy babies,0,1,0,11
speech therapy birmingham,0,1,0,4
speech therapy calgary,0,1,0,4
speech therapy cardiff,0,1,0,6
speech therapy centre,0,1,0,24
speech therapy centre near me,0,1,0,2
speech therapy cheltenham,0,1,0,62
speech therapy child,0,1,0,3
speech therapy children,0,10,0,19.7
speech therapy children near me,0,1,0,1
speech therapy clapham,0,10,0,57.3
speech therapy clapham common,0,6,0,74.2
speech therapy classes for kids near me,0,1,0,8
speech therapy clinic,0,8,0,33
speech therapy clinic london,0,1,0,30
speech therapy clinic pain points appointment scheduling,0,8,0,9.4
speech therapy clinics,0,2,0,28
speech therapy consultants,0,1,0,19
speech therapy consultation,0,1,0,3
speech therapy coral springs,0,1,0,6
speech therapy cost,0,3,0,8
speech therapy doctor,0,1,0,38
speech therapy east london,0,2,0,19.5
speech therapy for 1 year old,0,1,0,3
speech therapy for 11 year old,0,6,0,8.3
speech therapy for 18 month old,0,48,0,7.6
speech therapy for 18 month old at home,0,3,0,33.7
speech therapy for 18 month olds,0,4,0,16.2
speech therapy for 18 months old,0,2,0,15
speech therapy for 18 year old,0,3,0,24.7
speech therapy for 19 month old,0,1,0,13
speech therapy for 2 year old,0,3,0,3
speech therapy for 2 year old near me,0,3,0,9.7
speech therapy for 3 year old,0,2,0,14
speech therapy for 3 year olds,0,2,0,32
speech therapy for 3 year olds near me,0,1,0,6
speech therapy for 4 year old,0,2,0,13
speech therapy for 4 year old near me,0,1,0,10
speech therapy for 5 year old,0,1,0,1
speech therapy for 5 year olds,0,1,0,8
speech therapy for 6 year old near me,0,1,0,12
speech therapy for 9 year old,0,3,0,7
speech therapy for adhd,0,110,0,22.2
speech therapy for adhd adults,0,7,0,35.4
speech therapy for adhd kids,0,20,0,16.9
speech therapy for adults,0,1,0,3
speech therapy for adults london,0,4,0,46.2
speech therapy for autism greenwich,0,3,0,36.3
speech therapy for autism near me,0,1,0,1
speech therapy for autistic child near me,0,9,0,10
speech therapy for autistic children,0,2,0,9
speech therapy for babies,0,1,0,4
speech therapy for child,0,5,0,43.6
speech therapy for children,0,229,0,50.7
speech therapy for children at home,0,1,0,12
speech therapy for children near me,0,9,0,20.3
speech therapy for kids at home,0,6,0,11.2
speech therapy for kids in london,0,3,0,62
speech therapy for kids london,0,1,0,27
speech therapy for kids price,0,1,0,11
speech therapy for kids videos,0,1,0,8
speech therapy for kindergartners,0,1,0,1
speech therapy for late talking toddlers,0,2,0,5.5
speech therapy for lisp near me,0,1,0,9
speech therapy for my 2 year old,0,1,0,3
speech therapy for older kids,0,4,0,4.2
speech therapy for stuttering child,0,1,0,47
speech therapy for teenager,0,2,0,16
speech therapy for teenagers,0,7,0,23
speech therapy for teens,0,4,0,12.2
speech therapy for teens near me,0,1,0,2
speech therapy for three year olds,0,1,0,23
speech therapy for toddlers,0,12,0,5.1
speech therapy for toddlers cost,0,1,0,12
speech therapy for toddlers free,0,1,0,34
speech therapy for toddlers near me,0,7,0,11
speech therapy for toddlers with autism,0,3,0,12
speech therapy free,0,2,0,28.5
speech therapy free for kids,0,9,0,10.7
speech therapy fulham,0,2,0,34
speech therapy grants for kids,0,1,0,3
speech therapy gravesend,0,9,0,8.3
speech therapy greenwich,0,7,0,11.9
speech therapy hackney,0,1,0,10
speech therapy harley street,0,90,0,13.5
speech therapy home,0,1,0,27
speech therapy home visit,0,1,0,9
speech therapy how much does it cost,0,1,0,10
speech therapy in london,0,20,0,51.9
speech therapy jalandhar,0,1,0,2
speech therapy kanpur,0,1,0,2
speech therapy kensington and chelsea,0,8,0,20.5
speech therapy kent,0,13,0,11.9
speech therapy kids,0,12,0,8.7
speech therapy kolkata,0,1,0,2
speech therapy liverpool,0,1,0,3
speech therapy london,0,81,0,49.1
speech therapy makati,0,1,0,2
speech therapy memphis,0,1,0,2
speech therapy mississauga,0,1,0,2
speech therapy mohali,0,1,0,2
speech therapy monument,0,19,0,18.9
speech therapy near me for adults,0,1,0,3
speech therapy near me for child,0,1,0,3
speech therapy near me for kids,0,1,0,3
speech therapy price,0,1,0,13
speech therapy price per session,0,1,0,3
speech therapy prices,0,1,0,12
speech therapy prices near me,0,1,0,10
speech therapy private,0,4,0,14.2
speech therapy resources for parents,0,2,0,9
speech therapy sarasota,0,1,0,4
speech therapy services,0,5,0,42.2
speech therapy services available in kent,0,13,0,19.3
speech therapy services london,0,5,0,55.6
speech therapy signs,0,1,0,1
speech therapy singapore,0,1,0,2
speech therapy south west london,0,20,0,14.8
speech therapy specialist,0,8,0,51
speech therapy speech therapy,0,9,0,62.6
speech therapy stammering,0,1,0,70
speech therapy stuttering,0,7,0,58.4
speech therapy surrey,0,1,0,2
speech therapy surrey london,0,1,0,65
speech therapy toddler,0,3,0,6.7
speech therapy toddler near me,0,2,0,6.5
speech therapy toddlers,0,3,0,17.3
speech therapy uk,0,2,0,38
speech therapy vellore,0,1,0,3
speech therapy victoria,0,1,0,7
speech therapy video,0,7,0,8
speech therapy video for kids,0,13,0,6.4
speech therapy videos,0,23,0,8.1
speech therapy videos for toddlers,0,1,0,5
speech therapy walthamstow,0,4,0,51.5
speech therapy with teenagers,0,18,0,19.1
speech therapy york,0,2,0,70.5
speech theripist,0,1,0,10
speech therpay,0,1,0,9
speech therpist,0,2,0,11
speech toddler,0,1,0,9
speech training,0,1,0,1
speech videos for kids,0,6,0,4.3
speech vitamins,0,1,0,1
speech vs language delay,0,1,0,2
speech words,0,1,0,1
speechandlanguagekids,0,1,0,24
speechkidsbcn,0,1,0,29
speechtherapist,0,1,0,12
spell to communicate,0,1,0,3
spelling,0,1,0,17
spl child,0,1,0,8
spraakontwikkelingsdyspraxie,0,1,0,4
sprachentwicklung 18 monate,0,1,0,74
stacking blocks baby,0,1,0,5
stages of language development in children,0,1,0,2
stages of language development psychology,0,1,0,4
stammer in speech,0,1,0,83
stammer or stutter,0,1,0,63
stammer speech,0,1,0,38
stammering in 3 year olds,0,2,0,54.5
stammering in children,0,6,0,35.3
stammering in kids,0,2,0,40.5
stammering in speech,0,1,0,76
stammering in toddlers,0,1,0,50
stammering stuttering,0,1,0,3
stammering types,0,1,0,67
start speaking,0,1,0,10
start talking,0,65,0,13.4
start talking age,0,6,0,6.2
start to talk,0,1,0,11
started talking,0,1,0,6
started to talk,0,2,0,8
staying asleep,0,1,0,1
stopped talking,0,1,0,3
strategies for potty training,0,1,0,8
struggle to understand,0,1,0,3
struggling to potty train 3 year old,0,1,0,3
stutter,0,6,0,42
stutter and stammer,0,1,0,74
stutter disorder name,0,1,0,9
stutter in children,0,3,0,29.7
stutter meaning,0,3,0,1
stutter or stammer,0,6,0,54.2
stutter speech disorder,0,1,0,52
stutter stammer,0,1,0,35
stutter stuttering,0,1,0,40
stutter vs stammer,0,6,0,25.2
stuttered speech,0,4,0,28.2
stuttering,0,22,0,42.0
stuttering 3 year old,0,1,0,61
stuttering 4 year old,0,2,0,41
stuttering 4 year old boy,0,1,0,41
stuttering and stammering,0,2,0,82.5
stuttering and stammering examples,0,1,0,37
stuttering at age 4,0,1,0,54
stuttering at the end of words,0,1,0,85
stuttering characteristics,0,1,0,94
stuttering child,0,4,0,28.8
stuttering children,0,26,0,32.6
stuttering development,0,3,0,22
stuttering disorder name,0,1,0,10
stuttering explained,0,1,0,36
stuttering facts for kids,0,2,0,19
stuttering for kids,0,2,0,22
stuttering help for kids,0,1,0,13
stuttering in 3 year old,0,1,0,48
stuttering in 3 year olds,0,2,0,44
stuttering in 4 year old,0,2,0,42
stuttering in child,0,3,0,31.3
stuttering in children,0,45,0,49.3
stuttering in toddlers,0,25,0,41.9
stuttering in toddlers age 3,0,1,0,47
stuttering in young children,0,3,0,42.7
stuttering kids,0,4,0,23.5
stuttering speech,0,20,0,39.0
stuttering speech disorder,0,1,0,51
stuttering speech therapy near me,0,1,0,10
stuttering therapist near me,0,1,0,1
stuttering toddler,0,4,0,41.5
stuttering vs stammering,0,1,0,3
stuttering words,0,2,0,19.5
sudden loss of fine motor skills,0,2,0,12.5
sun hats for 1 year old girl,0,1,0,6
surah for speech delay,0,1,0,3
sure,0,1,0,1
swearing toddler,0,1,0,2
swing for 2 year old,0,1,0,6
sygnały,0,1,0,1
symptoms of asperger's disease,0,1,0,3
symptoms of asperger's syndrome,0,1,0,3
symptoms of autism in girls,0,1,0,1
symptoms of dyspraxia in children,0,1,0,3
symptoms of global developmental delay,0,1,0,2
symptoms of high-functioning autism in female adults,0,1,0,1
symptoms of pica in toddlers,0,1,0,2
symptoms of speech delay in toddlers,0,1,0,6
symptoms of verbal dyspraxia,0,8,0,15.2
syntax semantics and pragmatics,0,1,0,2
systematic review malnutrition language development children,0,1,0,11
systematic review nutrition language development children pmc,0,4,0,6.5
sì,0,1,0,1
síndrome cri du chat,0,1,0,1
síndrome cri-du-chat,0,1,0,1
t talking,0,1,0,6
table and chairs for toddlers,0,1,0,9
tabs the game,0,1,0,2
talk age,0,18,0,9.3
talk boost programme,0,1,0,2
talk boost training,0,1,0,3
talk late,0,3,0,4.3
talkabout speech therapy,0,1,0,31
talker autism,0,5,0,5.6
talkie,0,4,0,2.2
talking 18 months,0,21,0,6.7
talking at 20 months,0,1,0,11
talking babies,0,1,0,4
talking baby age,0,7,0,10.1
talking child,0,1,0,10
talking children,0,2,0,38
talking delay,0,2,0,1
talking kids,0,3,0,15.7
talking late,0,10,0,10.8
talking milestone age,0,6,0,7.2
talking milestones,0,13,0,9.4
talking milestones 18 months,0,1,0,13
talking milestones baby,0,2,0,1
talking milestones by age,0,10,0,9.5
talking signs uk,0,2,0,17
talking therapies for adhd,0,1,0,5
talking toddlers,0,1,0,2
tanda yang perlu diwaspadai pada anak usia 12 bulan terkait perkembangan bicara dan bahasa adalah .... * 10 poin a. belum bisa berhitung b. tidak ada babbling dan tidak menggunakan gestur c. belum mengenal warna d. belum bisa berlari,0,3,0,1
tantrum,0,20,0,26.8
tantrum and meltdown,0,3,0,22
tantrum meltdown,0,5,0,10.4
tantrum or meltdown,0,34,0,21.8
tantrum vs meltdown,0,7,0,20.3
tantrum vs meltdown chart,0,2,0,28
tantrums and meltdowns,0,11,0,28.4
tantrums vs meltdowns,0,1,0,39
teach me to talk youtube,0,1,0,5
teaching 18 month old to talk,0,1,0,2
teenage speech therapy,0,2,0,28
tell me her background,0,1,0,1
terrible 2s,0,2,0,3
terrible twos,0,7,0,2.9
th fronting,0,1,0,4
thats why feed speech,0,3,0,19.7
the articulate autistic,0,3,0,17.3
the benefits of rest,0,1,0,3
the components of language,0,2,0,7.5
the language component that refers to the basic sound units of language (phonemes) is,0,1,0,3
the language diet,0,1,0,26
the late talker,0,1,0,15
the pod kent,0,1,0,35
the speech clinic,0,2,0,35.5
the witches novel,0,1,0,3
thera kids,0,2,0,23.5
therapeutic speech,0,2,0,23
therapist regents park,0,8,0,58.2
therapist team paddington,0,1,0,66
therapy bromley,0,1,0,45
therapy expert,0,1,0,117
therapy for kids beckenham,0,5,0,6.6
therapy for speech delay,0,3,0,6.3
therapy in bromley,0,2,0,45.5
therapy potty,0,5,0,9.2
therapy sidcup,0,2,0,12.5
therapy speech,0,2,0,12
therapy speech delay near me,0,1,0,3
therapy videos for kids,0,1,0,8
therapyforkids,0,1,0,8
they are asleep,0,1,0,1
they are quite,0,1,0,2
things an 18 month old should be doing,0,1,0,2
things my 2 year old should be doing,0,1,0,2
things to do for a 1 year olds birthday,0,1,0,3
things to do in the rain,0,1,0,4
things to do with 18 month old,0,2,0,2
things to do with 19 month old,0,1,0,3
things to do with 2 year old at home,0,1,0,2
things to do with a 1 year old,0,1,0,3
things to do with a 2 year old,0,1,0,5
things to do with your 1 year old,0,1,0,3
things to draw when bored,0,1,0,3
things to help babies walk,0,1,0,3
things to watch for,0,1,0,3
threading toys,0,1,0,7
threading toys for 2 year olds,0,1,0,47
three components of language,0,7,0,21
three year old language development,0,1,0,1
three year old not talking,0,1,0,3
tiene 2 años,0,1,0,3
time between pulling to stand and walking,0,1,0,2
tips for potty training,0,1,0,3
toddler 18 month milestones,0,1,0,2
toddler 18 months,0,1,0,22
toddler always tired,0,1,0,2
toddler ball pit,0,1,0,11
toddler banging head on floor,0,1,0,3
toddler beating parents,0,1,0,3
toddler bed,0,2,0,6.5
toddler blank stare,0,1,0,2
toddler books about not hitting,0,1,0,2
toddler chair,0,1,0,10
toddler chair for table,0,1,0,6
toddler constantly throwing things,0,1,0,2
toddler controlling behavior,0,1,0,3
toddler developmental milestones,0,1,0,6
toddler doesn't listen to no or stop,0,1,0,3
toddler doesn't talk at daycare,0,1,0,3
toddler eating regression,0,1,0,3
toddler fall,0,1,0,3
toddler falling,0,1,0,3
toddler feeding,0,1,0,4
toddler first words,0,1,0,3
toddler formula vs whole milk,0,1,0,2
toddler friendly anime,0,1,0,3
toddler fussy eating,0,1,0,3
toddler gardening set 2 year old,0,1,0,6
toddler geographic tongue,0,1,0,4
toddler girls talking age,0,1,0,6
toddler groups near me for 2 year olds,0,1,0,3
toddler head injury delayed symptoms,0,2,0,3
toddler headbanging,0,1,0,3
toddler hiding things,0,1,0,3
toddler hit head when to worry,0,1,0,2
toddler hitting head,0,1,0,3
toddler hitting himself in the head,0,1,0,3
toddler hitting me,0,1,0,3
toddler keeps kicking me,0,1,0,3
toddler language development chart,0,1,0,3
toddler late talker,0,20,0,7.2
toddler laughing in sleep,0,1,0,2
toddler learning,0,1,0,2
toddler learning activities,0,1,0,3
toddler lethargy,0,1,0,3
toddler lining up toys,0,1,0,3
toddler meal ideas 3 year old,0,1,0,8
toddler milestones 2-3 years,0,1,0,3
toddler milk bottle,0,3,0,3.3
toddler nervous system,0,1,0,13
toddler not babbling 12 months,0,1,0,55
toddler not eating in hot weather,0,1,0,2
toddler not growing in height,0,2,0,2
toddler not listening to instructions,0,1,0,2
toddler not saying words at 18 months,0,3,0,1
toddler not speaking,0,3,0,7.7
toddler not speaking 18 months,0,3,0,6.3
toddler not speaking at 20 months,0,1,0,3
toddler not talking,0,23,0,9.8
toddler not talking at 16 months,0,1,0,26
toddler not talking at 17 months,0,1,0,35
toddler not talking at 2,0,1,0,43
toddler not talking at 20 months,0,5,0,7
toddler not talking at 22 months,0,1,0,2
toddler on board sticker,0,1,0,5
toddler only wants mum at night,0,1,0,4
toddler pinching,0,1,0,3
toddler playing,0,1,0,2
toddler playing with belly button,0,1,0,3
toddler pooping in pants,0,1,0,1
toddler pulling hair,0,2,0,3
toddler refusing to eat,0,1,0,3
toddler refusing to eat anything,0,1,0,2
toddler refusing to go to bed,0,1,0,3
toddler refusing to pee,0,1,0,1
toddler scared of potty,0,1,0,3
toddler selectively responds to name,0,1,0,3
toddler skipping rope,0,1,0,2
toddler sleeping,0,1,0,3
toddler speaking age,0,4,0,7
toddler speaking milestones,0,2,0,3
toddler speech,0,4,0,2.5
toddler speech delay,0,10,0,66.3
toddler speech development,0,6,0,2.8
toddler speech development 18 months,0,4,0,23
toddler speech therapist,0,1,0,2
toddler speech therapy,0,10,0,9.8
toddler sports bottle,0,1,0,2
toddler stammer,0,2,0,53
toddler stammering,0,4,0,40.5
toddler standing tower,0,1,0,4
toddler stutter,0,3,0,37.7
toddler stuttering,0,8,0,41.5
toddler stuttering when talking,0,1,0,1
toddler swearing,0,1,0,3
toddler table and chair,0,1,0,7
toddler table and chairs,0,1,0,15
toddler takes over an hour to fall asleep at night,0,1,0,3
toddler talking,0,1,0,3
toddler talking age,0,10,0,9
toddler talking in sleep,0,1,0,1
toddler talking milestones,0,2,0,3.5
toddler throwing phase,0,1,0,2
toddler throwing themselves backwards,0,1,0,2
toddler throwing things,0,1,0,3
toddler toilet seat,0,1,0,6
toddler tower,0,2,0,5
toddler twitches a lot in sleep,0,1,0,3
toddler understands but doesn't say words,0,3,0,11.3
toddler understands but won't talk,0,3,0,8
toddler voice,0,1,0,3
toddler will not listen to anything,0,1,0,3
toddler won t eat fruit or veggies,0,1,0,5
toddler won't eat anything,0,2,0,2
toddler won't play with toys,0,1,0,2
toddler won't sleep in bed,0,1,0,3
toddlers and stuttering,0,1,0,49
toddlers banging their heads,0,1,0,3
toddlers drawing,0,1,0,3
toddlers singing,0,1,0,2
toddlers speech development,0,1,0,3
toddlers talking age,0,3,0,8.7
toddlers throwing things,0,1,0,2
toilet seat for autistic child,0,1,0,21
toilet training asd,0,1,0,34
toilet training autism,0,6,0,24.3
toilet training autistic child,0,1,0,17
toilet training cerebral palsy,0,50,0,51.8
toilet training challenges,0,1,0,38
toilet training children with autism,0,1,0,17
toilet training for autism,0,2,0,30.5
toilet training for special needs children,0,3,0,39.3
toilet training for special needs children charlotte fl,0,5,0,34
toilet training help,0,1,0,1
toilet training multiple disabilities,0,4,0,51.8
toilet training occupational therapy,0,1,0,50
toilet training special needs,0,8,0,20.4
toileting,0,1,0,1
toileting and autism,0,1,0,27
toileting autism,0,1,0,34
toileting issues,0,1,0,1
toileting sensory issues,0,7,0,15.7
toilettentraining bei kindern mit behinderung,0,2,0,50.5
tongue tie and speech delay,0,1,0,3
tongue tie can cause speech delay,0,1,0,3
tongue tie speech delay,0,2,0,2.5
top speech therapist near me,0,1,0,2
tots talking,0,1,0,2
touch therapy bexley,0,2,0,34.5
toys for 2 year olds,0,1,0,8
toys for 2 year olds boy,0,1,0,5
toys for speech development,0,1,0,3
toys to help with speech 2 year old,0,1,0,6
toys with keys and locks for toddlers,0,1,0,8
training,0,1,0,6
traits of autism in women,0,1,0,4
trantrum,0,1,0,24
treatment for childhood apraxia of speech,0,1,0,3
trouble with fine motor skills,0,1,0,88
truman show 2,0,1,0,2
trying to fall asleep,0,1,0,2
trẻ mấy tháng biết nói,0,1,0,1
tv for kids,0,1,0,3
twice exceptional autism,0,1,0,5
two year old bangs head when mad,0,1,0,2
two year old milestones,0,7,0,3.3
two year old not eating much,0,1,0,2
two year old not talking,0,1,0,3
two year old not talking yet,0,1,0,2
two year old running,0,1,0,3
two year old speech milestones,0,1,0,1
two year old talking,0,1,0,2
types of language development,0,2,0,34.5
typical 2 year old behavior,0,1,0,2
typical age children start talking,0,10,0,7.8
typical age for babies to talk,0,1,0,1
typical age for talking,0,1,0,6
typical age to start talking,0,6,0,7.8
typical language development at 18 months,0,13,0,6.6
uk speech therapy,0,2,0,27
under two screen time research,0,4,0,3.2
underdeveloped fine motor skills,0,1,0,11
understanding kids,0,1,0,9
understanding of language,0,1,0,35
understanding stuttering,0,1,0,23
undiagnosed,0,1,0,2
undiagnosed autism,0,2,0,2.5
unlocking language,0,6,0,36.2
unlocking voices,0,1,0,38
use the toilet,0,1,0,1
vacha powder benefits for kids,0,1,0,3
vanessa salmon,0,1,0,3
verbal,0,1,0,2
verbal apraxi,0,7,0,11.4
verbal apraxia,0,14,0,18.4
verbal apraxia of speech,0,6,0,11.7
verbal delay,0,1,0,3
verbal development,0,3,0,36.7
verbal development 18 months,0,4,0,9.5
verbal disorders,0,6,0,10.5
verbal dispraxia,0,4,0,4.8
verbal dyslexia,0,1,0,3
verbal dyspraxi,0,7,0,15.4
verbal dyspraxi barn,0,1,0,1
verbal dyspraxia and autism,0,13,0,21.9
verbal dyspraxia causes,0,4,0,28.8
verbal dyspraxia definition,0,18,0,16
verbal dyspraxia examples,0,7,0,19.7
verbal dyspraxia in adults,0,2,0,19.5
verbal dyspraxia in children,0,36,0,8.7
verbal dyspraxia meaning,0,18,0,6.2
verbal dyspraxia nhs,0,10,0,19.1
verbal dyspraxia prognosis,0,27,0,9.6
verbal dyspraxia symptoms in adults,0,1,0,38
verbal dyspraxia treatment,0,37,0,11.6
verbal dyspraxia uk,0,22,0,9.3
verbal dyspraxia vs apraxia,0,1,0,12
verbal dyspraxia vs childhood apraxia of speech,0,3,0,12.3
verbal language,0,1,0,1
verbal milestones 24 months,0,1,0,3
verbal milestones by age,0,5,0,7.8
verbal paralysis,0,13,0,6.5
verbal stutter,0,1,0,11
verbal.apraxia,0,1,0,17
verbal.dyspraxia,0,8,0,8
verbale dyspraxie,0,6,0,24.3
verbally articulate,0,2,0,16
verbex syrup for speech delay child,0,1,0,3
very articulate,0,1,0,25
very quiet baby,0,2,0,2.5
video speech therapy,0,2,0,10
video therapy for kids,0,1,0,7
vitamin for speech delay,0,1,0,2
vitamins for speech delay,0,1,0,3
vitamins for speech delay in toddlers,0,1,0,10
vitamins for speech development,0,5,0,6.6
vocabulary 18 months,0,1,0,2
vocabulary at 18 months,0,1,0,2
vocabulary of 18 month old,0,1,0,1
vocabulary of a 2 year old,0,1,0,2
vocal dyspraxia,0,13,0,16.4
vocal therapy near me,0,1,0,5
vocals,0,2,0,1
voice disorders in children,0,2,0,36.5
voice pathology,0,1,0,87
voice therapist london,0,2,0,62
voice therapist near me,0,2,0,6
voice therapists near me,0,1,0,19
voice therapy near me,0,2,0,2
vslate,0,1,0,9
vývinová dysfázia,0,1,0,11
w uk,0,1,0,8
wake window 18 month old,0,1,0,3
wake window 18 months,0,1,0,3
wake window for 19 month old,0,1,0,3
wake windows 18 month old,0,1,0,3
walking age for babies,0,1,0,3
wandsworth,0,1,0,5
warning sign,0,1,0,6
warning signs 18 months,0,22,0,30.0
water bottle toddlers,0,1,0,2
weak motor skills,0,3,0,19
weight for 10 month old boy,0,1,0,3
weight for 11 months baby boy,0,1,0,3
weight gain in toddlers,0,1,0,2
weight of 18 month old,0,1,0,3
weight of 19 months baby boy,0,1,0,2
weight of 2 and half year baby girl,0,1,0,3
wellcom eyfs,0,1,0,3
wellcomm,0,2,0,4.5
wellcomm assessment,0,1,0,3
wellcomm eyfs,0,1,0,2
wellcomm screening,0,1,0,3
wen do kids start talking,0,1,0,10
what 18 month old should be doing,0,1,0,2
what 18 months baby can do,0,1,0,2
what about a two year old,0,1,0,8
what about adhd,0,1,0,2
what about for kids,0,1,0,4
what about pineapple and watermelon,0,1,0,1
what about slt,0,1,0,11
what about speaking,0,1,0,4
what about speech,0,1,0,2
what about talking,0,2,0,7
what about the other two,0,1,0,2
what age,0,4,0,2.2
what age a baby can talk,0,2,0,12.5
what age a baby start talking,0,16,0,9.4
what age a child should start talking,0,17,0,4.6
what age a child start talking,0,16,0,8.2
what age a toddler start talking,0,3,0,5.7
what age are babies supposed to talk,0,1,0,1
what age are kids supposed to talk,0,15,0,7.7
what age babies speak,0,3,0,4
what age babies start talking,0,1,0,58
what age babies start to talk,0,2,0,10
what age babies talk,0,1,0,2
what age baby boy start talking,0,10,0,8.2
what age baby can talk,0,4,0,10.5
what age baby should start talking,0,15,0,10.3
what age baby speak,0,13,0,10.9
what age baby start speaking,0,6,0,11.8
what age baby start talking,0,31,0,14.8
what age baby start talking clearly,0,1,0,10
what age baby start to talk,0,4,0,10.8
what age baby starts talking,0,7,0,9.9
what age baby talk words,0,2,0,12
what age can a baby speak,0,7,0,10.7
what age can a baby start talking,0,18,0,10.1
what age can a baby talk,0,2,0,14.5
what age can a child have grommets,0,1,0,3
what age can a child speak,0,16,0,7.2
what age can a child speak fluently,0,7,0,7.4
what age can a child talk,0,20,0,7.8
what age can babies speak,0,4,0,11.2
what age can babies start talking,0,8,0,10.6
what age can babies talk,0,3,0,57.7
what age can babies talk properly,0,13,0,9.2
what age can babys talk,0,1,0,10
what age can children speak,0,5,0,7.4
what age can children talk,0,38,0,7.5
what age can kids count to 10,0,1,0,3
what age can kids speak,0,20,0,8.4
what age can kids start talking,0,11,0,10.5
what age can kids talk,0,33,0,7.5
what age can kids talk properly,0,16,0,7.9
what age can you have a conversation with a child,0,2,0,8.5
what age can you speak,0,16,0,11.8
what age can you talk,0,19,0,10.1
what age child speak,0,12,0,8
what age child speak clearly,0,3,0,10.3
what age child start speaking,0,8,0,9.5
what age child start talking,0,35,0,7.3
what age children speak,0,8,0,7.9
what age children start speaking,0,14,0,8.1
what age children start talking,0,86,0,8.4
what age children talk,0,32,0,7.0
what age did albert einstein start talking,0,5,0,2.2
what age do a baby start talking,0,4,0,8.2
what age do autistic children talk,0,1,0,2
what age do babies crawl,0,1,0,3
what age do babies crawl and walk,0,1,0,2
what age do babies get pincer grasp,0,1,0,3
what age do babies learn to speak,0,1,0,12
what age do babies learn to talk,0,1,0,12
what age do babies normally start talking,0,3,0,10.3
what age do babies say their first word,0,2,0,2
what age do babies say two words together,0,1,0,2
what age do babies sit independently,0,1,0,2
what age do babies speak,0,1,0,2
what age do babies start saying sentences,0,1,0,3
what age do babies start saying words,0,1,0,3
what age do babies start standing,0,1,0,3
what age do babies start talking clearly,0,1,0,10
what age do babies start talking fluently,0,8,0,10.1
what age do babies start talking full sentences,0,1,0,2
what age do babies start talking in sentences,0,2,0,33.5
what age do babies start talking properly,0,24,0,9.8
what age do babies start talking words,0,3,0,9.3
what age do babies start to crawl and walk,0,1,0,2
what age do babies start to say words,0,6,0,9.7
what age do babies start to talk,0,3,0,32.3
what age do babies start to talk words,0,1,0,12
what age do babies start walking,0,4,0,2.8
what age do babies start walking on their own,0,1,0,3
what age do babies stop having bottles,0,1,0,2
what age do babies stop putting everything in their mouth,0,1,0,2
what age do babies talk,0,13,0,18.2
what age do babies talk properly,0,34,0,10.7
what age do babies talk words,0,2,0,3
what age do babies typically start talking,0,2,0,12.5
what age do babies walk,0,3,0,3
what age do baby boys start talking,0,25,0,10.2
what age do baby girls start talking,0,6,0,9.3
what age do baby speak,0,3,0,11.3
what age do baby start talking,0,88,0,12.3
what age do baby start to talk,0,3,0,10.3
what age do babys start talking,0,25,0,10.9
what age do babys start to talk,0,1,0,11
what age do babys talk,0,30,0,12.5
what age do boys stand to pee,0,1,0,2
what age do boys start speaking,0,8,0,8.2
what age do boys start talking,0,106,0,8.7
what age do boys start to talk,0,13,0,8.3
what age do boys talk,0,7,0,18.7
what age do children begin to talk,0,14,0,16.4
what age do children jump with both feet,0,1,0,2
what age do children learn colours,0,1,0,3
what age do children learn to count to 10,0,1,0,2
what age do children learn to speak,0,6,0,6.5
what age do children learn to talk,0,16,0,6.9
what age do children normally start talking,0,26,0,6.7
what age do children speak,0,113,0,7.1
what age do children start preschool,0,1,0,3
what age do children start saying words,0,9,0,8.6
what age do children start speaking,0,63,0,7.7
what age do children start talking in sentences,0,2,0,64
what age do children start talking properly,0,1,0,7
what age do children start talking?,0,2,0,11
what age do children start to speak,0,49,0,6.5
what age do children start to talk,0,111,0,6.7
what age do children talk,0,187,0,7.5
what age do children talk in sentences,0,1,0,3
what age do children typically start talking,0,16,0,7
what age do children usually start talking,0,32,0,8.1
what age do girls start talking,0,17,0,8.6
what age do humans start talking,0,4,0,8.2
what age do infants start talking,0,5,0,28.8
what age do kids begin to talk,0,5,0,6.4
what age do kids learn to speak,0,21,0,6.7
what age do kids learn to talk,0,25,0,12.6
what age do kids normally start talking,0,26,0,7.3
what age do kids say words,0,2,0,8
what age do kids speak,0,127,0,7.0
what age do kids start having conversations,0,13,0,8.1
what age do kids start saying words,0,4,0,8.8
what age do kids start soeaking,0,4,0,4.2
what age do kids start speaking,0,106,0,7.5
what age do kids start speaking clearly,0,1,0,47
what age do kids start speaking fluently,0,1,0,10
what age do kids start talking at,0,1,0,1
what age do kids start talking clearly,0,3,0,8.7
what age do kids start talking fluently,0,14,0,5.3
what age do kids start talking in sentences,0,1,0,7
what age do kids start talking properly,0,58,0,5.9
what age do kids start talking sentences,0,5,0,7.4
what age do kids start talking?,0,8,0,4.4
what age do kids start to speak,0,36,0,6.6
what age do kids start to talk,0,75,0,8.7
what age do kids talk in sentences,0,1,0,2
what age do kids talk normally,0,7,0,8.6
what age do kids talk?,0,1,0,9
what age do kids typically start talking,0,11,0,8.4
what age do kids usually start talking,0,31,0,8.5
what age do most babies start talking,0,7,0,17.9
what age do most kids start talking,0,16,0,8.4
what age do people start speaking,0,6,0,7.7
what age do people start talking,0,58,0,8.4
what age do they start talking,0,13,0,9.3
what age do toddler start talking,0,1,0,1
what age do toddlers count to 10,0,1,0,2
what age do toddlers drop their nap,0,1,0,2
what age do toddlers know colors,0,1,0,3
what age do toddlers speak in full sentences,0,1,0,2
what age do toddlers start speaking,0,4,0,10.5
what age do toddlers start talking,0,218,0,8.0
what age do toddlers start talking in sentences,0,1,0,55
what age do toddlers start to talk,0,13,0,6.7
what age do toddlers walk,0,1,0,3
what age do u start talking,0,22,0,9.6
what age do you learn to speak,0,9,0,6.2
what age do you learn to talk,0,5,0,16.4
what age do you start nursery,0,1,0,2
what age do you start speaking,0,60,0,8.2
what age do you start talking,0,138,0,9.3
what age do you talk,0,14,0,6.2
what age do.babies start talking,0,1,0,3
what age do.children start talking,0,14,0,8.4
what age do.kids start talking,0,22,0,7.3
what age do.kids talk,0,1,0,12
what age does a baby speak,0,12,0,10
what age does a baby stand,0,1,0,3
what age does a baby start speaking,0,8,0,11
what age does a baby start talking,0,179,0,9.3
what age does a baby start talking properly,0,12,0,9.4
what age does a baby start to talk,0,14,0,9.6
what age does a baby talk,0,4,0,2.2
what age does a child begin to talk,0,4,0,6
what age does a child speak,0,37,0,8.3
what age does a child start speaking,0,27,0,8.4
what age does a child start to speak,0,18,0,9.7
what age does a child start to talk,0,36,0,7.3
what age does a child talk,0,47,0,7.4
what age does a child talk properly,0,7,0,5.9
what age does a child understand right from wrong,0,1,0,2
what age does a kid start talking,0,21,0,9.2
what age does a toddler start talking,0,9,0,7.6
what age does babies start talking,0,15,0,18.8
what age does babies talk,0,1,0,13
what age does baby speak,0,1,0,10
what age does baby start talking,0,28,0,11.2
what age does baby start to talk,0,5,0,11.4
what age does baby teeth come in,0,1,0,2
what age does child start talking,0,11,0,6.4
what age does child talk,0,1,0,11
what age does children start talking,0,35,0,7.9
what age does kids start talking,0,55,0,12.3
what age does kids talk,0,3,0,5.3
what age does speech develop,0,1,0,11
what age does speech therapy start,0,1,0,7
what age does talking start,0,14,0,8.2
what age does the baby start talking,0,5,0,11.6
what age does this happen,0,1,0,3
what age does toddler start talking,0,7,0,7.1
what age does toddler stop napping,0,1,0,3
what age does toddlers start talking,0,1,0,12
what age f,0,8,0,9.2
what age for playdough,0,1,0,3
what age for speech therapy,0,1,0,7
what age for toilet training,0,1,0,2
what age is a child supposed to start talking,0,11,0,6.8
what age is a late talker,0,11,0,4.9
what age is considered a late talker,0,9,0,6.8
what age is first word,0,1,0,2
what age is normal for a baby to start talking,0,2,0,9.5
what age is normal for babies to talk,0,1,0,11
what age is normal for kids to start talking,0,9,0,4.4
what age is normal to start talking,0,6,0,10.2
what age is speech delay a concern,0,4,0,11.5
what age kid start talking,0,5,0,10.2
what age kids speak,0,18,0,8.4
what age kids start speaking,0,11,0,6.8
what age kids start talking,0,175,0,10.3
what age kids start to talk,0,4,0,5.8
what age kids talk,0,31,0,7
what age sh,0,15,0,7.1
what age should,0,1,0,10
what age should a baby be talking,0,23,0,10.1
what age should a baby be walking,0,2,0,2.5
what age should a baby boy start talking,0,14,0,9.2
what age should a baby clap hands,0,1,0,3
what age should a baby roll over,0,1,0,3
what age should a baby sit up without support,0,1,0,3
what age should a baby start saying words,0,2,0,7.5
what age should a baby start talking,0,355,0,11.0
what age should a baby talk,0,36,0,12.0
what age should a boy start talking,0,4,0,5.2
what age should a child be able to talk,0,1,0,7
what age should a child be able to talk properly,0,26,0,5.3
what age should a child be talking,0,96,0,5.4
what age should a child be talking clearly,0,4,0,9.5
what age should a child be toilet trained,0,1,0,2
what age should a child be walking,0,1,0,3
what age should a child speak clearly,0,2,0,2
what age should a child start saying words,0,17,0,9.4
what age should a child start speaking,0,37,0,8.2
what age should a child start speech therapy,0,2,0,5
what age should a child start talking clearly,0,104,0,14.4
what age should a child start talking full sentences,0,7,0,15.4
what age should a child start talking in sentences,0,1,0,8
what age should a child start to talk,0,28,0,6.4
what age should a child talk,0,128,0,6.6
what age should a child talk clearly,0,10,0,8.4
what age should a kid be talking,0,5,0,3.2
what age should a kid start talking,0,21,0,7.6
what age should a toddler be talking,0,13,0,6.1
what age should a toddler know colors,0,1,0,2
what age should a toddler start talking,0,35,0,10.8
what age should a toddler talk,0,2,0,10.5
what age should babies be talking,0,15,0,10.9
what age should babies know colors,0,1,0,2
what age should babies start standing,0,1,0,2
what age should babies start talking,0,262,0,11.4
what age should babies talk,0,29,0,14.1
what age should baby be talking,0,13,0,7.8
what age should baby start talking,0,56,0,11.8
what age should boys start talking,0,13,0,7.7
what age should child be talking,0,14,0,8.4
what age should child start talking,0,32,0,6.3
what age should child talk,0,6,0,4
what age should children be able to count to 10,0,1,0,2
what age should children be potty trained,0,1,0,2
what age should children be talking,0,35,0,6.1
what age should children recognise letters,0,1,0,3
what age should children speak,0,25,0,5.6
what age should children start speaking,0,16,0,8.2
what age should children start talking,0,306,0,8.3
what age should children talk,0,36,0,7.2
what age should i be concerned about baby not talking,0,9,0,5.3
what age should infants start talking,0,12,0,23.8
what age should kids be talking,0,28,0,5.2
what age should kids speak,0,20,0,5.7
what age should kids start speaking,0,22,0,10.7
what age should kids start talking,0,216,0,10.8
what age should kids talk,0,46,0,7.7
what age should my baby be talking,0,4,0,9
what age should my baby start talking,0,52,0,10.0
what age should my baby talk,0,6,0,15.2
what age should my baby walk,0,1,0,2
what age should my child be talking,0,32,0,5.2
what age should my child start talking,0,67,0,6.4
what age should my kid start talking,0,4,0,7.2
what age should my toddler be talking,0,7,0,6.7
what age should my toddler start talking,0,7,0,7.4
what age should toddler start talking,0,7,0,4.4
what age should toddlers be talking,0,4,0,7.5
what age should toddlers talk,0,8,0,8.1
what age should you be concerned if a child is not talking,0,13,0,6.3
what age should you start speech therapy,0,1,0,9
what age should your baby start talking,0,8,0,12.1
what age should your child start talking,0,17,0,5.9
what age speech therapy,0,1,0,7
what age start speaking,0,1,0,13
what age start talking,0,65,0,9.5
what age start talking baby,0,1,0,11
what age talking,0,7,0,9.1
what age talking baby,0,3,0,9
what age the baby can talk,0,1,0,2
what age the baby start talking,0,2,0,6.5
what age the child start talking,0,4,0,9
what age the kids start talking,0,5,0,11.6
what age to babies start talking,0,35,0,10.2
what age to babies start to talk,0,4,0,10
what age to babies talk,0,3,0,23.7
what age to baby start talking,0,15,0,10.1
what age to drop all naps,0,1,0,2
what age to have the talk,0,2,0,87
what age to kids start speaking,0,10,0,13.3
what age to kids start talking,0,126,0,10.3
what age to kids start to talk,0,4,0,7.8
what age to kids talk,0,14,0,10
what age to start speech therapy,0,5,0,8
what age to start talking,0,24,0,9.7
what age to stop bottle feeding,0,1,0,3
what age to stop formula milk,0,1,0,2
what age to toddlers start talking,0,2,0,6.5
what age toddler drop nap,0,1,0,3
what age toddler start talking,0,3,0,11.3
what age toddlers start talking,0,3,0,3
what age was einstein when he started talking,0,1,0,2
what age when baby start talking,0,1,0,11
what age will a baby start talking,0,15,0,10.6
what age will a child start talking,0,5,0,11.6
what age will my baby start talking,0,6,0,11.8
what ages do babies start talking,0,23,0,11.5
what ages do babies talk,0,13,0,11.6
what ages do kids start talking,0,9,0,8
what ages should babies start talking,0,24,0,10.7
what an 11 month old should be eating,0,1,0,2
what an 18 month old should be doing,0,1,0,2
what are 18 month old milestones,0,1,0,2
what are 2 year old developmental milestones,0,1,0,3
what are 2 year old milestones,0,1,0,2
what are albert einstein's last words,0,1,0,2
what are components of language,0,4,0,33
what are einstein's last words,0,1,0,2
what are night terrors in toddlers,0,1,0,2
what are signs of speech delay in toddlers,0,1,0,2
what are small motor skills,0,1,0,2
what are symptoms of autism,0,1,0,3
what are the 5 components of language,0,2,0,30
what are the causes of speech delay in children,0,1,0,2
what are the components of a language,0,3,0,26.3
what are the components of language,0,6,0,31.8
what are the four components of language,0,4,0,9.2
what are the milestones for a 2 year old,0,1,0,2
what are the parts of language,0,3,0,36.3
what are the red flags,0,1,0,2
what are the signs of adhd in a 3 year old,0,1,0,2
what are the two primary components of language development,0,1,0,1
what can a 1 year old not eat,0,1,0,2
what can a 2 year old do,0,1,0,3
what can an 18 month old do,0,1,0,2
what can an occupational therapist help with,0,1,0,3
what can babies do at one year old,0,1,0,1
what can cause a child to be non verbal,0,1,0,2
what can cause a child to not talk,0,1,0,2
what can one year olds do,0,1,0,2
what can two year olds do,0,1,0,3
what can two year olds say,0,1,0,2
what can't babies have before 1,0,1,0,2
what cant my child talk,0,1,0,17
what causes a child to be non verbal,0,1,0,2
what causes a child to be nonverbal,0,1,0,2
what causes a child to delay talking,0,1,0,2
what causes a child to stutter,0,2,0,46.5
what causes a kid to be non verbal,0,1,0,2
what causes a lisp in a child,0,1,0,2
what causes a speech delay,0,1,0,2
what causes a speech delay in toddlers,0,1,0,3
what causes a stutter in a child,0,1,0,99
what causes autism in the brain,0,1,0,3
what causes balance issues in toddlers,0,1,0,2
what causes children to be non verbal,0,1,0,2
what causes children to be nonverbal,0,1,0,2
what causes delayed speech,0,1,0,2
what causes delayed speech in a 3 year old,0,1,0,3
what causes delayed speech in children,0,1,0,2
what causes dyspraxia in children,0,1,0,2
what causes kids to be non verbal,0,1,0,2
what causes kids to be nonverbal,0,1,0,2
what causes kids to stutter,0,1,0,47
what causes late talking in toddlers,0,1,0,2
what causes loss of motor skills,0,1,0,13
what causes non verbal children,0,3,0,2
what causes speech delay,0,4,0,3
what causes speech delay in 2 year old,0,2,0,3
what causes speech delay in 3 year old,0,1,0,2
what causes speech delay in toddlers,0,4,0,2.2
what causes speech impediments,0,1,0,3
what causes speech regression in toddlers,0,1,0,2
what causes stuttering in children,0,1,0,66
what causes tongue tie in babies,0,1,0,2
what causes working memory problems in children,0,1,0,68
what comes after terrible twos,0,1,0,3
what counts as a stutter,0,1,0,11
what counts as a word at 18 months,0,1,0,2
what delays speech in toddlers,0,1,0,2
what did albert einstein do,0,1,0,2
what do babies start talking,0,1,0,2
what do kids start talking,0,3,0,10.7
what do speech and language therapists do,0,2,0,1
what do speech therapists do,0,1,0,2
what do speech therapists do for toddlers,0,1,0,2
what do toddlers eat,0,1,0,2
what does a 2 year old do,0,1,0,3
what does a speech and language therapist do,0,1,0,3
what does autism look like in girls,0,1,0,1
what does language development mean,0,1,0,27
what does language mean,0,1,0,8
what does preverbal mean,0,1,0,2
what does speech therapy do,0,1,0,2
what does speech therapy do for toddlers,0,1,0,2
what does speech therapy look like for an 18 month old,0,3,0,10
what does that mean,0,1,0,3
what does the 18 month regression look like,0,1,0,3
what happens at first speech and language appointment,0,1,0,3
what helps with speech delay,0,3,0,7.7
what if 2 year old not talking,0,1,0,2
what if a child is not talking by 18 months,0,19,0,5.7
what if a child is not talking by age 3,0,1,0,2
what if my 16 month old isn't talking,0,3,0,7.3
what if my 18 month old isn't talking,0,2,0,5
what is a journeyman,0,1,0,2
what is a language,0,1,0,1
what is a late talker toddler,0,10,0,6.9
what is a meltdown,0,1,0,80
what is a meltdown in a child,0,1,0,23
what is a non verbal child,0,1,0,2
what is a normal age for a baby to start walking,0,1,0,2
what is a normal age for babies to start talking,0,1,0,12
what is a normal age for kids to start talking,0,17,0,8.1
what is a normal age to start talking,0,8,0,10.6
what is a preposition,0,1,0,2
what is a red flag,0,1,0,2
what is a salt assessment,0,1,0,2
what is a speech delay,0,2,0,2
what is a startling statement,0,1,0,3
what is albert einstein last words,0,1,0,2
what is articulation training,0,1,0,2
what is autism,0,4,0,2.8
what is autism in children,0,1,0,2
what is autism in women,0,1,0,1
what is average weight for 1 year old girl,0,1,0,2
what is average weight for 18 month old girl,0,1,0,4
what is communication and language development,0,7,0,21.3
what is considered a late talker,0,17,0,22.8
what is considered a late talker? explain the causes of late talking,0,2,0,7
what is considered delayed speech,0,1,0,2
what is considered late talking,0,1,0,1
what is considered speech delay,0,1,0,2
what is delayed speech a sign of,0,1,0,3
what is delayed speech development,0,1,0,2
what is developmental verbal dyspraxia,0,9,0,13.2
what is dvd,0,1,0,2
what is dysfluency,0,1,0,56
what is dysphemia,0,1,0,2
what is dyspraxia,0,8,0,2.1
what is dyspraxia called now,0,1,0,2
what is dyspraxia in children,0,1,0,2
what is dyspraxia now called,0,1,0,2
what is dyspraxia of speech,0,19,0,12.3
what is final consonant deletion,0,1,0,2
what is groping in speech,0,2,0,11
what is it called when you get numbers mixed up,0,1,0,2
what is it called when you say things backwards,0,1,0,2
what is language and communication development,0,4,0,23.8
what is language content,0,2,0,57
what is language development,0,23,0,22.7
what is language development in child development,0,1,0,25
what is language development?,0,1,0,25
what is normal 2 year old behavior,0,1,0,2
what is oral dyspraxia,0,3,0,6.3
what is phonological awareness,0,3,0,16
what is phonological working memory,0,92,0,7.9
what is speech and language development,0,1,0,1
what is speech and language therapy,0,1,0,3
what is speech delay,0,2,0,2.5
what is speech delay in 3 year old,0,1,0,2
what is speech delay in a toddler,0,1,0,71
what is speech dyspraxia,0,58,0,7.7
what is speech therapy for kids,0,3,0,2.3
what is stammering speech,0,1,0,57
what is the 18 month sleep regression,0,1,0,2
what is the age babies start talking,0,2,0,12
what is the age kids start talking,0,1,0,11
what is the age that babies start talking,0,1,0,10
what is the attention span of a 2 year old,0,1,0,2
what is the average age a baby starts talking,0,29,0,8.8
what is the average age a child starts talking,0,47,0,6.1
what is the average age babies start talking,0,12,0,11.3
what is the average age children start talking,0,24,0,5.8
what is the average age for a baby to start talking,0,40,0,8.2
what is the average age for a baby to talk,0,21,0,8.5
what is the average age for a baby to walk,0,1,0,2
what is the average age for babies to start talking,0,23,0,10.3
what is the average age for babies to walk,0,1,0,2
what is the average age for children to start talking,0,15,0,6.9
what is the average age for children to start walking,0,1,0,2
what is the average age for kids to start talking,0,19,0,9
what is the average age kids start talking,0,14,0,7.4
what is the average age that babies start talking,0,5,0,10
what is the average age to start speaking,0,20,0,7.2
what is the average age to start talking,0,44,0,8.6
what is the average age when babies start talking,0,4,0,9.2
what is the average weight for a 1 year old,0,1,0,2
what is the average weight of an 18 month old,0,1,0,2
what is the cause of stuttering in children,0,1,0,70
what is the correct sequence of language development,0,3,0,36
what is the development of language,0,1,0,15
what is the hardest toddler age,0,1,0,3
what is the last word of albert einstein,0,1,0,2
what is the latest a child can start talking,0,2,0,7.5
what is the latest age a child should be talking,0,6,0,7.3
what is the latest age for a child to start talking,0,9,0,8.3
what is the longest word in the english language,0,1,0,2
what is the most common cause of speech delay,0,1,0,3
what is the normal age for a baby to start talking,0,47,0,8
what is the normal age for a child to start talking,0,38,0,6.3
what is the normal age for babies to start talking,0,12,0,10.7
what is the normal age for children to start talking,0,14,0,7
what is the normal age for kids to start talking,0,12,0,8.2
what is the normal age to start talking,0,31,0,7.8
what is the right age for a child to start speaking,0,15,0,6.7
what is the sign of autism baby,0,1,0,2
what is the stuttering disorder called,0,2,0,11
what is verbal apraxia,0,4,0,12.2
what is verbal dyspraxia,0,219,0,7.3
what is working memory?,0,1,0,2
what is your working memory,0,1,0,2
what makes a child nonverbal,0,2,0,2
what makes a child stutter,0,1,0,43
what makes a kid non verbal,0,1,0,2
what makes kids stutter,0,1,0,34
what month baby start talking,0,1,0,10
what nutritional drinks aid in speech development for toddlers?,0,73,0,6.7
what percentage of babies walk at 11 months,0,1,0,3
what resources help parents understand the connection between children's speech development and rule creation? -filetype:txt -filetype:pdf -filetype:epub -filetype:doc -filetype:docx -filetype:xls -filetype:xlsx -filetype:ppt -filetype:csv -site:youtube.com -site:tiktok.com -site:instagram.com -site:ebay.com -site:jd.com -site:amazon.com -site:iqiyi.com -site:bilibili.com -site:t.me -site:douyin.com -site:douban.com -site:apple.com -site:reddit.com -site:researchgate.net -site:academia.edu -site:dokumen.pub -site:en.wikipedia.org -site:quora.com -site:sciencedirect.com -site:cambridge.org -site:mdpi.com -site:link.springer.com -site:zhuanlan.zhihu.com -site:journals.sagepub.com -site:imdb.com -site:tandfonline.com -site:onlinelibrary.wiley.com -site:brill.com -site:getyourguide.com -site:academic.oup.com -site:www.emerald.com -site:eresources.nlb.gov.sg -site:www.govinfo.gov,0,1,0,24
what should 17 month old be saying,0,1,0,3
what should 18 month old be doing,0,8,0,2.1
what should 19 month old be doing,0,1,0,2
what should 2 year olds be doing,0,2,0,3
what should 2 year olds be eating,0,1,0,3
what should a 1 year old be able to do,0,1,0,2
what should a 1 year old be doing,0,4,0,2.5
what should a 12 month old be able to do,0,1,0,3
what should a 12 month old be doing,0,4,0,2.5
what should a 13 month old be doing,0,1,0,3
what should a 14 month old be doing,0,1,0,2
what should a 16 month old be doing,0,2,0,2.5
what should a 17 month old be doing,0,1,0,2
what should a 18 month old be doing,0,8,0,2.2
what should a 19 month old be doing,0,2,0,2
what should a 2 year old be able to do,0,4,0,2.8
what should a 2 year old be doing,0,1,0,3
what should a 2 year old eat in a day,0,1,0,3
what should a 2 year old know,0,2,0,2.5
what should a 2 year old know academically checklist,0,1,0,3
what should a 20 month old be doing,0,2,0,2
what should a 20 month old be saying,0,2,0,2.5
what should a 21 month old be doing,0,2,0,2.5
what should a 22 month old be doing,0,1,0,2
what should a 24 month old be saying,0,1,0,3
what should a baby be doing at 10 months,0,1,0,2
what should a baby be doing at 10 months old,0,1,0,2
what should a baby be doing at 18 months,0,3,0,2.3
what should a five month old be doing,0,1,0,2
what should a one year old be doing,0,2,0,2.5
what should a two year old be able to do,0,1,0,2
what should a two year old be doing,0,1,0,2
what should an 18 month old be able to do,0,2,0,2.5
what should an 18 month old be doing,0,13,0,2.1
what should my 1 year old be doing,0,3,0,2.3
what should my 11 month old be eating,0,1,0,3
what should my 12 month old be doing,0,1,0,3
what should my 14 month old be saying,0,1,0,2
what should my 18 month old be doing,0,7,0,2.3
what should my 19 month old be doing,0,1,0,2
what should my 2 year old be doing,0,6,0,2.2
what should my 2 year old be saying,0,2,0,2
what should my 2 year old know,0,1,0,2
what should my 20 month old be doing,0,4,0,2
what should my 22 month old be doing,0,1,0,2
what should my baby be doing at 11 months,0,1,0,2
what should my one year old be doing,0,1,0,3
what should one year old be doing,0,1,0,2
what size feet does a 2 year old have,0,1,0,2
what skills should a 1 year old have,0,1,0,2
what time baby start talking,0,2,0,6
what time do babies start talking,0,1,0,2
what time does a baby start talking,0,3,0,11
what time should 18 month old go to bed,0,1,0,2
what time should a 18 month old go to bed,0,1,0,3
what time should a 7 year old go to sleep,0,1,0,1
what time should an 18 month old go to bed,0,2,0,2.5
what to buy a 2 year old for birthday,0,1,0,3
what to do for 2 year olds birthday,0,1,0,2
what to do for speech delay,0,1,0,2
what to do if my child is a late talker,0,5,0,42.2
what to do when toddler refuses to eat,0,1,0,4
what to do with a 18 month old,0,2,0,3
what to do with a one year old,0,1,0,2
what to eat,0,1,0,9
what to feed a fussy 2 year old,0,1,0,3
what to get a 1 year old for birthday,0,1,0,3
what vocabulary should a 2 year old have,0,1,0,2
what was albert einstein's first word,0,1,0,2
what was albert einstein's last words,0,2,0,2
what was einstein's last words,0,1,0,3
what weight should my 2 year old be,0,1,0,3
what were albert einstein's last words,0,2,0,2
what were albert einstein's last words in german,0,1,0,2
what were einstein's last words,0,6,0,2
what were einsteins last words,0,1,0,2
what will processing challenges affect in a child with dyslexia,0,8,0,9.8
what will processing challenges affect in a child with dyslexia?,0,1,0,8
what words should 18 month old say,0,2,0,4.5
what words should 2 year old say,0,1,0,2
what words should a 1 year old be saying,0,1,0,3
what words should a 16 month old be saying,0,1,0,3
what words should a 17 month old be saying,0,1,0,3
what words should a 18 month be saying,0,5,0,4.2
what words should a 2 year old be saying,0,2,0,3
what words should a one year old be saying,0,1,0,2
what words should an 18 month old be saying,0,1,0,2
what words should an 18 month old say,0,2,0,2
what words should my 1 year old be saying,0,1,0,2
what year do babies start talking,0,5,0,10.4
what year does a baby start talking,0,5,0,11.2
what's a normal age for babies to start talking,0,4,0,9
what's phonological awareness,0,1,0,11
what's tantrums,0,1,0,13
what's the average age a baby starts talking,0,6,0,9
what's the average age babies start talking,0,12,0,9.2
what's the average age for a baby to start talking,0,24,0,6.8
what's the average age kids start talking,0,8,0,7.4
what's the latest a child should start talking,0,13,0,8.5
what's the normal age for a baby to start talking,0,1,0,6
what's the normal age for babies to start talking,0,7,0,8
what's the normal age to start talking,0,2,0,18
whats phonological awareness,0,1,0,5
whats the average age for a baby to talk,0,17,0,7.5
whats the average age to start talking,0,20,0,7.5
whats the normal age to start talking,0,2,0,8
what’s the avg,0,1,0,2
whe do kids start talking,0,1,0,1
when a baby boy should start talking,0,10,0,15.2
when a baby boy start talking,0,2,0,10.5
when a baby should start talking,0,6,0,11.7
when a baby start talking,0,3,0,7
when a child should start talking,0,18,0,7.8
when a child start speaking,0,7,0,2.4
when a child starts to speak,0,14,0,9.6
when a kid start speaking,0,3,0,6
when a kid start talking,0,7,0,10
when a toddler start talking,0,1,0,1
when are children supposed to start talking,0,20,0,7.5
when are kids supposed to start talking,0,24,0,6.9
when are kids supposed to talk,0,1,0,1
when are toddlers supposed to start talking,0,2,0,6
when babies should start talking,0,1,0,10
when babies start talking,0,4,0,2.2
when babies start talking words,0,1,0,2
when baby boy start speaking,0,4,0,11
when baby boy start talking,0,15,0,10.5
when baby boy start to speak,0,3,0,11.7
when baby boys start talking,0,4,0,11.2
when baby can speak properly,0,2,0,11.5
when baby can start talking,0,3,0,7.3
when baby learn to speak,0,1,0,3
when baby should start talking,0,9,0,10.2
when baby speak properly,0,1,0,2
when baby start speaking,0,3,0,9
when baby start talking,0,113,0,8.0
when baby start talking properly,0,13,0,9.7
when baby start talking words,0,2,0,10.5
when baby start to speak words,0,2,0,2.5
when baby start to talk,0,2,0,7
when baby starts talking,0,9,0,10.4
when baby starts talking words,0,1,0,2
when baby starts to talk,0,2,0,10
when baby talking start,0,1,0,9
when baby talks age,0,3,0,11
when baby will start speaking,0,1,0,8
when boys start speaking,0,1,0,13
when boys start talking,0,7,0,8
when can a baby start talking,0,13,0,11.3
when can a child count to 10,0,1,0,2
when can a child fully talk,0,3,0,9.7
when can a child hop on one foot,0,1,0,2
when can a child speak,0,7,0,5
when can a child start talking,0,19,0,10.2
when can a child talk,0,19,0,9.3
when can a kid talk,0,4,0,10
when can babies jump with both feet,0,1,0,2
when can babies start talking,0,1,0,53
when can babies talk,0,1,0,46
when can babies talk properly,0,25,0,10.7
when can baby start talking,0,17,0,8.1
when can baby talk,0,1,0,44
when can children speak,0,15,0,8.9
when can children start talking,0,12,0,8.2
when can i talk,0,2,0,8.5
when can kids sing abcs,0,1,0,2
when can kids speak,0,19,0,10.2
when can kids start speech therapy,0,2,0,7.5
when can kids start talking,0,14,0,8.2
when can kids start to talk,0,1,0,10
when can kids talk,0,49,0,9.7
when can my baby start talking,0,1,0,13
when can toddlers count to 10,0,1,0,2
when can toddlers jump off the ground,0,1,0,3
when can toddlers speak,0,2,0,4.5
when can you talk,0,2,0,28
when child start to speak,0,7,0,8.3
when child starts speaking,0,2,0,12
when child starts to speak,0,26,0,9.1
when child will start talking,0,3,0,7.3
when children do not use some or all of the speech sounds expected for their age group.,0,2,0,12.5
when children speak,0,4,0,8.8
when children start speaking,0,16,0,8.8
when children start to speak,0,15,0,7.9
when children start to talk,0,14,0,8.5
when children talk,0,1,0,6
when di babies talk,0,1,0,3
when did albert einstein start speaking,0,2,0,2
when did albert einstein start talking,0,16,0,2
when did child start talking,0,3,0,5
when did einstein speak as a child,0,3,0,2
when did einstein start talking,0,5,0,2.8
when did einstein start to talk,0,1,0,3
when did einstein talk as a child,0,1,0,2
when did kids start talking,0,3,0,11.7
when did your child start talking,0,2,0,8
when did your late talker start talking,0,8,0,4.2
when did your toddler start talking,0,2,0,7
when do 1 year olds start talking,0,2,0,10
when do a baby start talking,0,3,0,12.7
when do a child start talking,0,38,0,10.1
when do babies begin talking,0,1,0,2
when do babies begin to speak,0,2,0,2
when do babies discover their hands,0,1,0,3
when do babies first speak,0,1,0,2
when do babies laugh,0,1,0,3
when do babies learn to stand on their own,0,1,0,3
when do babies learn to talk,0,2,0,61
when do babies learn to talk properly,0,1,0,10
when do babies move from two naps to one,0,1,0,2
when do babies really start talking,0,3,0,9
when do babies recognize their name,0,1,0,2
when do babies roll on side,0,1,0,2
when do babies roll onto side,0,1,0,3
when do babies say 2 words together,0,1,0,2
when do babies say first words,0,1,0,3
when do babies say mama and dada,0,1,0,3
when do babies say their first word,0,2,0,3
when do babies say their first word usually,0,1,0,2
when do babies say words,0,2,0,2.5
when do babies say words with meaning,0,1,0,2
when do babies sit,0,1,0,3
when do babies sit unsupported,0,1,0,2
when do babies sit up and crawl,0,2,0,3
when do babies sit up unsupported,0,1,0,2
when do babies speak,0,5,0,22.2
when do babies speak in sentences,0,1,0,1
when do babies speak sentences,0,1,0,3
when do babies stand on their own,0,2,0,2.5
when do babies stand without support,0,1,0,2
when do babies start babbling,0,1,0,3
when do babies start conversing,0,1,0,13
when do babies start laughing?,0,3,0,1
when do babies start properly talking,0,14,0,10.2
when do babies start putting two words together,0,1,0,2
when do babies start putting words together,0,1,0,2
when do babies start rolling over,0,1,0,3
when do babies start saying,0,1,0,3
when do babies start saying first words,0,1,0,1
when do babies start saying mama and dada,0,1,0,2
when do babies start saying their first words,0,1,0,1
when do babies start saying words,0,2,0,2.5
when do babies start saying words with meaning,0,1,0,2
when do babies start saying words?,0,1,0,2
when do babies start soeaking,0,1,0,2
when do babies start speaking,0,5,0,23.2
when do babies start speaking clearly,0,4,0,1.2
when do babies start speaking fluently,0,1,0,8
when do babies start speaking properly,0,1,0,12
when do babies start speaking sentences,0,1,0,3
when do babies start stretching their legs,0,1,0,3
when do babies start talking,0,204,0,7.5
when do babies start talking 2 years old,0,3,0,9.7
when do babies start talking age milestones,0,1,0,10
when do babies start talking clearly,0,16,0,11.5
when do babies start talking coherently,0,3,0,11
when do babies start talking fluently,0,14,0,10.6
when do babies start talking in sentences,0,5,0,2.6
when do babies start talking on average,0,4,0,45.8
when do babies start talking properly,0,12,0,14
when do babies start talking sentences,0,1,0,3
when do babies start talking words,0,5,0,2.2
when do babies start to put weight on their legs,0,1,0,2
when do babies start to say two words together,0,1,0,2
when do babies start to speak,0,1,0,2
when do babies start to speak words,0,1,0,2
when do babies start to talk,0,11,0,26.5
when do babies start to talk properly,0,17,0,10.4
when do babies start to talk?,0,1,0,2
when do babies start walking,0,3,0,2.3
when do babies start walking and talking,0,1,0,2
when do babies starts talking,0,1,0,2
when do babies stop drinking milk at night,0,1,0,2
when do babies stop drinking milk from a bottle at night,0,1,0,2
when do babies stop putting things in their mouth,0,1,0,2
when do babies stop taking a bottle,0,1,0,3
when do babies syart talking,0,1,0,2
when do babies talk,0,23,0,49.9
when do babies talk fluently,0,2,0,6
when do babies talk in sentences,0,1,0,3
when do babies talk on average,0,1,0,12
when do babies talk words,0,2,0,3
when do babies try to start talking,0,1,0,10
when do babies usually say their first words,0,1,0,2
when do babies usually talk,0,1,0,1
when do babies walk and talk,0,2,0,2
when do baby boy start talking,0,3,0,8
when do baby boys start talking,0,33,0,10.6
when do baby boys talk,0,3,0,10.7
when do baby boys usually start talking,0,1,0,12
when do baby girl start talking,0,4,0,10.5
when do baby start speaking,0,1,0,2
when do baby start talking,0,52,0,11.1
when do baby start talking words,0,3,0,6.7
when do baby start to talk,0,2,0,2
when do baby start to talk properly,0,4,0,11.8
when do baby starts talking,0,1,0,10
when do baby talk,0,2,0,2
when do babys start talking,0,5,0,2.4
when do boy babies start talking,0,3,0,10.7
when do boy toddlers start talking,0,4,0,3.5
when do boys start speaking,0,6,0,9.5
when do boys start talking,0,171,0,9.2
when do boys start talking in sentences,0,2,0,10
when do boys start talking on average,0,2,0,10.5
when do boys start to talk,0,20,0,9.8
when do boys talk,0,2,0,6
when do boys usually start talking,0,2,0,1.5
when do boys walk,0,1,0,2
when do chikdren start talking,0,4,0,8
when do child start speaking,0,10,0,9.2
when do child start talking,0,7,0,8.1
when do children begin speaking,0,5,0,9.2
when do children begin talking,0,1,0,13
when do children begin to speak,0,23,0,9.7
when do children begin to talk,0,32,0,7.2
when do children first speak,0,1,0,9
when do children first talk,0,3,0,1
when do children generally start talking,0,3,0,1
when do children learn colours,0,1,0,2
when do children learn to count,0,1,0,2
when do children learn to speak,0,34,0,3.8
when do children learn to talk,0,21,0,2.7
when do children normally start talking,0,30,0,5.9
when do children say 3 word sentences,0,1,0,2
when do children say their first word,0,1,0,2
when do children speak,0,59,0,7.7
when do children speak in full sentences,0,1,0,3
when do children start having conversations,0,1,0,10
when do children start saying words,0,13,0,10.8
when do children start speaking clearly,0,3,0,7
when do children start speaking?,0,3,0,3.3
when do children start talking clearly,0,2,0,10.5
when do children start talking in sentences,0,3,0,21.3
when do children start talking words,0,6,0,11.2
when do children start talking?,0,10,0,6.2
when do children start to say words,0,11,0,10.5
when do children start to speak,0,132,0,6.9
when do children start to speak words,0,10,0,8.6
when do children start to talk,0,259,0,7.4
when do children start to talk in sentences,0,7,0,11.7
when do children talk,0,120,0,7.0
when do children typically start talking,0,38,0,8
when do children understand no,0,1,0,3
when do children usually start talking,0,19,0,4.6
when do girls start talking,0,2,0,7.5
when do humans start talking,0,1,0,1
when do infants begin to talk,0,2,0,69.5
when do infants start talking,0,1,0,2
when do infants start to talk,0,1,0,3
when do kid start talking,0,16,0,9.7
when do kids actually start talking,0,7,0,8.1
when do kids atart talking,0,3,0,12.3
when do kids begin talking,0,4,0,10.5
when do kids begin to speak,0,2,0,8.5
when do kids begin to talk,0,18,0,5.7
when do kids first speak,0,5,0,14
when do kids first start talking,0,5,0,10.2
when do kids first talk,0,1,0,1
when do kids fully start talking,0,3,0,9
when do kids generally start talking,0,11,0,9.5
when do kids learn how to speak,0,1,0,10
when do kids learn how to talk,0,1,0,1
when do kids learn to count to 10,0,1,0,3
when do kids learn to speak,0,43,0,7.6
when do kids learn to talk,0,45,0,7.2
when do kids learn to talk properly,0,3,0,7.3
when do kids normally start talking,0,58,0,10.4
when do kids really start talking,0,3,0,10.7
when do kids say their first word,0,1,0,3
when do kids speak,0,71,0,7.7
when do kids speak in full sentences,0,1,0,2
when do kids speak in sentences,0,1,0,2
when do kids start actually talking,0,2,0,9
when do kids start fully talking,0,5,0,9
when do kids start having conversations,0,2,0,10.5
when do kids start ralking,0,1,0,9
when do kids start really talking,0,2,0,7.5
when do kids start saying full sentences,0,1,0,1
when do kids start saying no,0,1,0,3
when do kids start saying words,0,2,0,10.5
when do kids start soeaking,0,6,0,7
when do kids start speaking,0,193,0,7.1
when do kids start speaking fluently,0,11,0,7.6
when do kids start speaking words,0,4,0,10.5
when do kids start speaking?,0,2,0,10
when do kids start talking clearly,0,2,0,10
when do kids start talking coherently,0,7,0,12.6
when do kids start talking fluently,0,17,0,7.5
when do kids start talking in sentences,0,2,0,4
when do kids start talking more,0,1,0,1
when do kids start talking properly,0,66,0,8.7
when do kids start talking sentences,0,1,0,13
when do kids start talking words,0,19,0,9.8
when do kids start talking?,0,13,0,10
when do kids start talkinh,0,3,0,11.7
when do kids start to say words,0,3,0,10
when do kids start to speak,0,49,0,7.3
when do kids start to talk,0,144,0,7.9
when do kids start to talk?,0,2,0,11
when do kids start tslking,0,1,0,8
when do kids starts talking,0,7,0,6.6
when do kids stsrt talking,0,2,0,5
when do kids talk,0,104,0,9.1
when do kids talk clearly,0,1,0,6
when do kids talk in full sentences,0,1,0,3
when do kids talk?,0,2,0,6
when do kids typically start talking,0,9,0,7.4
when do kids usually start speaking,0,3,0,10
when do kids usually start talking,0,41,0,8.0
when do kids usually start to talk,0,1,0,10
when do kids usually talk,0,3,0,4.7
when do kids with speech delay start talking,0,5,0,6.2
when do kods start talking,0,1,0,11
when do late talkers catch up,0,21,0,5.9
when do lids start talking,0,2,0,6
when do little boys start talking,0,3,0,12.3
when do little kids start talking,0,1,0,1
when do most kids learn to talk,0,1,0,26
when do most kids start speaking,0,6,0,7.7
when do most kids start talking,0,17,0,8.8
when do most kids talk,0,2,0,6
when do most toddlers start talking,0,1,0,1
when do one year olds start talking,0,2,0,11
when do people learn to talk,0,1,0,1
when do people start speaking,0,5,0,8
when do people start talking,0,4,0,12.5
when do speech delay kids start talking,0,4,0,6.5
when do start talking,0,4,0,5.5
when do terrible twos end,0,1,0,2
when do they speak,0,1,0,3
when do they start talking,0,2,0,11.5
when do they talk,0,1,0,2
when do toddler boys start talking,0,1,0,3
when do toddlers begin to speak,0,1,0,51
when do toddlers begin to talk,0,3,0,7
when do toddlers learn to catch,0,1,0,2
when do toddlers learn to speak,0,1,0,2
when do toddlers learn to talk,0,5,0,6.4
when do toddlers really start talking,0,2,0,4
when do toddlers run,0,1,0,3
when do toddlers speak,0,19,0,6.9
when do toddlers speak 5 word sentences,0,2,0,10.5
when do toddlers speak clearly,0,1,0,2
when do toddlers speak in sentences,0,2,0,1
when do toddlers start forming sentences,0,1,0,1
when do toddlers start having conversations,0,3,0,3.7
when do toddlers start saying sentences,0,1,0,1
when do toddlers start saying words,0,7,0,8.4
when do toddlers start speaking,0,10,0,7.7
when do toddlers start speaking clearly,0,1,0,9
when do toddlers start speaking in sentences,0,2,0,1
when do toddlers start talking clearly,0,1,0,9
when do toddlers start talking in sentences,0,3,0,8
when do toddlers start talking properly,0,35,0,9
when do toddlers start talking words,0,1,0,12
when do toddlers start talking?,0,4,0,6.8
when do toddlers start to count,0,1,0,3
when do toddlers start to speak,0,3,0,4.7
when do toddlers start to talk,0,36,0,8.4
when do toddlers stop babbling,0,1,0,8
when do toddlers stop being toddlers,0,1,0,2
when do toddlers stop drinking milk,0,2,0,2
when do toddlers stop napping,0,2,0,2.5
when do toddlers stop putting things in their mouth,0,1,0,2
when do toddlers talk,0,40,0,3.5
when do toddlers talk clearly,0,1,0,8
when do toddlers talk in sentences,0,1,0,2
when do toddlers typically start talking,0,1,0,1
when do toddlers usually start talking,0,2,0,5.5
when do u start talking,0,4,0,7.2
when do you learn to speak,0,2,0,1
when do you learn to talk,0,3,0,1
when do you start speaking,0,14,0,10.4
when do you start talking,0,34,0,8.6
when do you start talking as a baby,0,1,0,8
when do. babies start talking,0,1,0,3
when do.babies start talking,0,1,0,33
when do.children start talking,0,11,0,7.1
when do.kids start talking,0,20,0,8.7
when do.toddlers start talking,0,4,0,3.2
when does a 1 year old start talking,0,1,0,12
when does a baby boy start talking,0,9,0,10.6
when does a baby say its first words,0,1,0,3
when does a baby sit up,0,1,0,3
when does a baby sit up on its own,0,1,0,2
when does a baby start speaking,0,1,0,11
when does a baby start talking,0,26,0,10.1
when does a baby start talking clearly,0,2,0,23.5
when does a baby start talking properly,0,19,0,10.9
when does a baby start talking words,0,2,0,6.5
when does a baby start to speak,0,1,0,1
when does a baby starts talking,0,2,0,11.5
when does a baby stop drinking milk,0,1,0,2
when does a baby talk,0,2,0,2.5
when does a baby walk,0,1,0,3
when does a child begin to talk,0,10,0,7.6
when does a child learn to speak,0,8,0,7.6
when does a child learn to talk,0,5,0,9
when does a child normally start talking,0,14,0,9
when does a child say their first word,0,1,0,2
when does a child speak,0,15,0,9.3
when does a child start remembering things,0,1,0,3
when does a child start saying words,0,1,0,10
when does a child start speaking,0,49,0,6.9
when does a child start speaking clearly,0,3,0,8.7
when does a child start talking properly,0,64,0,8.4
when does a child start to speak,0,40,0,8.4
when does a child start to talk,0,133,0,10.4
when does a child starts to speak,0,3,0,3
when does a child talk,0,30,0,7.5
when does a child typically start talking,0,11,0,6
when does a child usually start talking,0,13,0,8.1
when does a child's speech become clear,0,3,0,10.3
when does a kid start speaking,0,2,0,11.5
when does a kid start talking,0,62,0,9.9
when does a normal child start talking,0,11,0,6.4
when does a toddler start speaking,0,3,0,8.3
when does a toddler start talking,0,36,0,7.4
when does a toddler start to talk,0,1,0,2
when does an average baby start talking,0,1,0,11
when does baby boy start talking,0,3,0,11
when does baby learn to talk,0,1,0,2
when does baby start speaking,0,2,0,1.5
when does baby start speaking words,0,1,0,3
when does baby start talking,0,18,0,6.4
when does baby start talking words,0,2,0,6.5
when does baby start to talk,0,2,0,2
when does baby starts talking,0,1,0,11
when does baby starts to talk,0,4,0,11.5
when does child start speaking,0,12,0,6.7
when does child start talking,0,24,0,9.1
when does children start speaking,0,4,0,9.5
when does children start talking,0,19,0,8.3
when does independent play start,0,1,0,2
when does kid start talking,0,11,0,8.8
when does kids start speaking,0,2,0,6.5
when does kids start talking,0,36,0,8.6
when does kids start to talk,0,1,0,12
when does kids talk,0,3,0,1
when does language explosion occur,0,1,0,3
when does my baby start talking,0,3,0,10
when does s baby start talking,0,2,0,7
when does s sound develop,0,1,0,50
when does sh sound develop,0,2,0,10
when does speech develop in children,0,6,0,8.8
when does speech start in babies,0,2,0,11
when does stuttering start,0,1,0,39
when does talking start in babies,0,2,0,1.5
when does the average baby start talking,0,22,0,10.5
when does the average child start talking,0,23,0,9.3
when does the average kid start talking,0,7,0,14.6
when does the baby starts talking,0,1,0,10
when does the child start speaking,0,5,0,7
when does the child start talking,0,7,0,11.6
when does the r sound develop,0,1,0,75
when does the toddler stage end,0,1,0,2
when does toddler speech become clear,0,1,0,12
when does toddler start speaking,0,2,0,1
when does toddler start talking,0,8,0,6.2
when does toddlers start talking,0,3,0,1
when does your baby start talking,0,2,0,10
when doesn,0,1,0,11
when fo kids start talking,0,2,0,6.5
when is a baby supposed to start talking,0,17,0,13.2
when is a baby supposed to talk,0,1,0,76
when is a child expected to start talking,0,30,0,8.0
when is a child supposed to start talking,0,33,0,7.9
when is a kid supposed to start talking,0,4,0,7.8
when is a toddler supposed to start talking,0,1,0,9
when is it concerning baby isn't talking,0,2,0,1
when is it normal for a baby to start talking,0,8,0,10.2
when is it normal for babies to start talking,0,9,0,9.6
when is it normal for kids to start talking,0,11,0,8.5
when is it normal to start talking,0,3,0,3.7
when is kids say,0,7,0,7.6
when is speech delay a concern,0,3,0,2.3
when is the baby start talking,0,1,0,12
when is the child start talking,0,2,0,11.5
when is the normal age to start talking,0,6,0,10.2
when is the right time for a child to start talking,0,3,0,10
when kid start talking,0,14,0,7.6
when kids should start talking,0,3,0,12.3
when kids start speaking,0,22,0,8.9
when kids start talking,0,250,0,8.5
when kids start talking properly,0,9,0,6.3
when kids start to speak,0,8,0,10.4
when kids start to talk,0,13,0,5.9
when kids talk,0,15,0,7.9
when kids usually start talking,0,6,0,9.2
when kids will start talking,0,7,0,6.1
when late talkers start talking,0,3,0,31.3
when shoukd a baby start talking,0,3,0,11
when shoukd babies start talking,0,3,0,8.3
when shoukd kids start talking,0,1,0,6
when should 1 year old start talking,0,3,0,7.7
when should a,0,1,0,11
when should a 1 year old start talking,0,3,0,10.7
when should a 2 year old start talking,0,1,0,11
when should a baby be able to sit up independently,0,1,0,2
when should a baby be able to talk,0,1,0,11
when should a baby be saying words,0,6,0,7
when should a baby be talking,0,27,0,12.4
when should a baby be walking,0,2,0,2.5
when should a baby be walking on their own,0,1,0,3
when should a baby be weaned off a bottle,0,1,0,2
when should a baby boy start talking,0,23,0,8.6
when should a baby roll over,0,2,0,3
when should a baby say their first word,0,4,0,2.5
when should a baby say words,0,1,0,3
when should a baby speak,0,15,0,11.4
when should a baby start saying words,0,2,0,2.5
when should a baby start speaking,0,12,0,10.2
when should a baby start talking clearly,0,1,0,24
when should a baby start talking words,0,9,0,10
when should a baby start talking?,0,1,0,11
when should a baby start to talk,0,5,0,9.2
when should a baby start walking,0,1,0,3
when should a baby stop having milk at night,0,1,0,3
when should a baby stop using a bottle,0,1,0,2
when should a baby talk,0,8,0,18.8
when should a baby talk in sentences,0,1,0,53
when should a baby talk words,0,1,0,2
when should a boy start talking,0,13,0,7.3
when should a child be able to count to 10,0,2,0,2
when should a child be able to count to 5,0,1,0,2
when should a child be able to jump,0,2,0,2.5
when should a child be able to speak,0,11,0,3.5
when should a child be able to talk,0,28,0,9.1
when should a child be talking,0,62,0,6.1
when should a child be talking in sentences,0,1,0,2
when should a child begin to talk,0,5,0,8.6
when should a child say their age,0,18,0,7.8
when should a child speak clearly,0,1,0,2
when should a child start saying words,0,11,0,9
when should a child start speaking,0,74,0,7.2
when should a child start speech therapy,0,2,0,6.5
when should a child start talking clearly,0,9,0,7.9
when should a child start talking in sentences,0,4,0,9
when should a child start talking?,0,5,0,7.2
when should a child start to speak,0,17,0,7.3
when should a child start to talk,0,44,0,8.2
when should a child talk,0,67,0,6.9
when should a child talk in full sentences,0,1,0,2
when should a child's speech be clear,0,2,0,7
when should a kid be talking,0,10,0,8.2
when should a kid start talking,0,79,0,7.6
when should a kid talk,0,6,0,4.7
when should a one year old start talking,0,1,0,12
when should a toddler be potty trained,0,1,0,2
when should a toddler be talking,0,3,0,9.3
when should a toddler start speaking,0,5,0,5
when should a toddler start talking,0,144,0,7.7
when should a toddler stop sleeping in a crib,0,1,0,2
when should a toddler talk,0,6,0,16.7
when should an infant start talking,0,1,0,30
when should babies be able to stand,0,1,0,3
when should babies be saying words,0,3,0,6.3
when should babies be speaking,0,1,0,12
when should babies be talking,0,6,0,26.2
when should babies be walking,0,1,0,3
when should babies say first words,0,2,0,3
when should babies say their first word,0,1,0,3
when should babies speak,0,1,0,39
when should babies speak words,0,3,0,2
when should babies start speaking,0,2,0,7.5
when should babies start speaking words,0,1,0,2
when should babies start talking in sentences,0,1,0,2
when should babies start talking properly,0,1,0,2
when should babies start talking words,0,5,0,8
when should babies start to talk,0,2,0,2.5
when should babies talk,0,18,0,14.2
when should babies talk words,0,3,0,5
when should babies walk,0,1,0,3
when should babies walk and talk,0,1,0,2
when should baby be saying words,0,2,0,3
when should baby be talking,0,21,0,11.7
when should baby be walking,0,1,0,3
when should baby boys start talking,0,8,0,11.5
when should baby roll front to back,0,1,0,3
when should baby speak,0,2,0,10.5
when should baby start pointing,0,1,0,3
when should baby start saying words,0,1,0,3
when should baby start speaking,0,3,0,7.3
when should baby start talking,0,157,0,10.2
when should baby start talking words,0,4,0,9.5
when should baby start to talk,0,4,0,10
when should baby start wearing shoes,0,1,0,3
when should baby talk,0,3,0,7
when should baby talking start,0,6,0,11
when should baby walk,0,1,0,3
when should babys start talking,0,3,0,11.3
when should boys be toilet trained,0,1,0,2
when should boys start talking,0,22,0,9
when should child be potty trained,0,1,0,2
when should child start talking chicago,0,144,0,50.2
when should child talk,0,4,0,9
when should children be talking,0,19,0,5.1
when should children speak,0,17,0,8.6
when should children start saying words,0,1,0,10
when should children start speaking,0,22,0,8.8
when should children start talking,0,449,0,7
when should children start to talk,0,12,0,9.6
when should children talk,0,35,0,8.8
when should i be concerned about my baby not talking,0,2,0,11.5
when should i be concerned?,0,1,0,1
when should i be worried about baby not talking,0,1,0,8
when should i be worried about my baby not talking,0,4,0,2.8
when should i child start talking,0,15,0,7.8
when should i put my toddler in a bed,0,1,0,2
when should i start talking to my baby,0,4,0,8
when should i worry about baby not talking,0,2,0,8
when should i worry about my 2 year olds speech,0,2,0,5.5
when should i worry about my baby not talking,0,4,0,7
when should i worry about my child not talking,0,13,0,4.5
when should i worry about my toddler not talking,0,14,0,12.2
when should i worry if my child is not talking,0,3,0,4.3
when should infants start talking,0,3,0,8
when should kid start talking,0,5,0,8
when should kids be able to speak,0,2,0,1
when should kids be able to speak full sentences,0,1,0,2
when should kids be able to talk,0,9,0,4.1
when should kids be speaking,0,8,0,3.1
when should kids be talking,0,21,0,12.1
when should kids know their colors,0,1,0,3
when should kids speak,0,10,0,7.8
when should kids start speaking,0,18,0,7.4
when should kids start speech therapy,0,1,0,10
when should kids start talking clearly,0,2,0,10
when should kids start talking in sentences,0,1,0,12
when should kids start talking?,0,1,0,3
when should kids start to talk,0,15,0,6.6
when should kids talk,0,44,0,9.4
when should my 1 year old start talking,0,8,0,10.4
when should my baby be saying words,0,4,0,7.8
when should my baby be talking,0,28,0,13.0
when should my baby boy start talking,0,3,0,11.7
when should my baby say their first word,0,1,0,2
when should my baby sit up,0,1,0,2
when should my baby speak,0,2,0,10.5
when should my baby start saying words,0,1,0,3
when should my baby start speaking,0,1,0,11
when should my baby start talking,0,249,0,10.0
when should my baby start talking clearly,0,1,0,9
when should my baby talk,0,23,0,11.3
when should my child be talking,0,38,0,7.0
when should my child start saying words,0,4,0,9
when should my child start speaking,0,3,0,8
when should my child talk,0,15,0,7
when should my daughter start talking,0,7,0,6.7
when should my kid be talking,0,1,0,8
when should my toddler be talking,0,5,0,8
when should my toddler start talking,0,46,0,9.2
when should my toddler start talking in sentences,0,1,0,4
when should speech therapy start,0,3,0,9
when should the baby start talking,0,3,0,10
when should toddler be able to jump,0,1,0,2
when should toddler start talking,0,21,0,7.2
when should toddlers be talking,0,4,0,3.2
when should toddlers start saying words,0,3,0,11
when should toddlers stop drinking formula,0,1,0,2
when should toddlers stop drinking milk,0,2,0,2
when should toddlers talk,0,8,0,7.2
when should you start speech therapy,0,1,0,9
when should you start talking to your baby,0,7,0,9.6
when should you worry if your child is not talking,0,12,0,8.8
when should your baby start talking,0,22,0,11
when should your child start talking,0,29,0,8.9
when should your kid start talking,0,8,0,5.5
when should your toddler start talking,0,9,0,8.3
when should.kids start talking,0,5,0,7.4
when so babies start talking,0,1,0,7
when so kids start talking,0,1,0,8
when start talking,0,6,0,10.7
when the baby start talking,0,1,0,13
when the baby start to talk,0,1,0,3
when the baby will start talking,0,1,0,2
when the child start speaking,0,4,0,8
when the child start to speak,0,14,0,8.9
when the kids start talking,0,8,0,9.9
when to babies start talking,0,2,0,3
when to baby start talking,0,3,0,7
when to be concerned about baby not talking,0,2,0,16
when to be concerned about child not talking,0,3,0,2.3
when to be concerned about toddler not talking,0,3,0,9.7
when to children start talking,0,29,0,8.3
when to introduce 2 meals a day for baby,0,1,0,4
when to kids start talking,0,19,0,8.1
when to put toddler in bed from cot nhs,0,1,0,3
when to see a speech therapist for toddler,0,1,0,2
when to start potty training a boy,0,1,0,3
when to start speech therapy,0,1,0,2
when to start speech therapy for toddler,0,1,0,3
when to start teaching baby,0,1,0,3
when to stop formula milk,0,1,0,2
when to stop spoon feeding toddler,0,1,0,4
when to stop using a baby monitor,0,1,0,3
when to take baby off bottle,0,1,0,2
when to talk,0,2,0,13.5
when to toddlers start talking,0,1,0,9
when to transfer from cot to bed,0,1,0,3
when to wean baby off bottle at night,0,1,0,2
when to worry,0,1,0,2
when to worry about 18 month old not talking,0,31,0,6.6
when to worry about 3 year old not talking,0,1,0,12
when to worry about baby not talking,0,35,0,7.1
when to worry about child not talking,0,21,0,7.3
when to worry about child speech development,0,7,0,8.6
when to worry about speech delay,0,12,0,7.5
when to worry about toddler not talking,0,58,0,9.9
when to worry about toddler not talking 18 months,0,24,0,6.4
when to worry about toddler not talking at 18 months,0,49,0,7.6
when to worry about toddler not talking but understands everything,0,1,0,11
when to worry about toddler speech,0,13,0,9.8
when to worry about toddler speech development,0,3,0,10.7
when to worry if baby is not sitting up,0,1,0,2
when toddler start speaking,0,9,0,1.1
when toddler starts talking,0,2,0,10.5
when toddlers start talking,0,11,0,6.4
when toddlers talk,0,4,0,13.2
when usually kids start talking,0,7,0,10.6
when was nelson mandela freed,0,1,0,3
when will a baby say their first word,0,1,0,3
when will a baby sit on their own,0,1,0,2
when will a baby start talking,0,2,0,7.5
when will a child start talking,0,23,0,10.0
when will babies start talking,0,2,0,2
when will baby boy start talking,0,7,0,11.3
when will baby speak,0,1,0,2
when will baby speak first words,0,1,0,2
when will baby start talking,0,16,0,9.4
when will baby start talking properly,0,4,0,10
when will baby talk,0,1,0,2
when will child start speaking,0,7,0,14
when will children start speaking,0,5,0,3.4
when will kids start talking,0,6,0,4.5
when will my 18 month old talk,0,1,0,1
when will my 2 year old start talking,0,3,0,11.7
when will my autistic child talk,0,1,0,2
when will my baby speak,0,1,0,9
when will my baby start speaking,0,1,0,11
when will my baby start talking,0,24,0,10.5
when will my baby start to talk,0,1,0,1
when will my child start talking,0,15,0,6.3
when will my child talk,0,4,0,26.5
when will my son start talking,0,8,0,12.4
when will my toddler start talking,0,17,0,5.5
when will toddler start talking,0,2,0,1
when.do babies start talking,0,1,0,1
when.do.babies start talking,0,1,0,35
when.do.kids start talking,0,1,0,1
where to get child tested for learning disability,0,2,0,36
where to take a 1 year old near me,0,1,0,6
which age baby start speaking,0,1,0,11
which age baby start talking,0,15,0,9.1
which age baby start to speak,0,2,0,11
which age child can speak,0,2,0,8
which age child speak,0,2,0,12
which age child start speaking,0,5,0,9
which age do children start talking,0,1,0,1
which age do kids start talking,0,2,0,5.5
which age kids start talking,0,26,0,9.4
which is the best,0,1,0,2
which month baby start talking,0,1,0,10
which of the following are components of language,0,2,0,70
which of the following are components of language?,0,1,0,3
which of the following best describes phonological memory,0,3,0,17.7
which of the following best describes phonological memory?,0,2,0,1
which of the following is most likely a symptom of a problem with phonological working memory?,0,1,0,3
"which of the following is the correct age for a child to start using “i,” “me” and “you” often? 11 to 18 months old 18 to 24 months old 2 to 3 years old 4 to 5 years old skip to navigation",0,3,0,9.7
which of the following student actions show a potential problem with phonological working memory? select the two answer choices that apply.,0,4,0,1
which of these tasks depends on phonological working memory?,0,3,0,1.7
which vitamin is good for speech delay,0,4,0,9.8
which year baby can speak,0,1,0,11
which year baby start talking,0,13,0,10.8
who is albert einstein,0,1,0,3
who is better,0,1,0,2
who malnutrition language development children,0,1,0,11
who offers leading speech therapy kits for early learners?,0,1,0,1
who was albert einstein,0,1,0,3
why,0,1,0,1
why 18 month old not talking,0,20,0,5.7
why 19 month old not talking,0,5,0,7.6
why 2 year old cry all the time,0,1,0,2
why 2 year old not talking,0,3,0,2
why 3 year old not talking,0,1,0,2
why are my fine motor skills deteriorating,0,11,0,5.8
why are my fine motor skills so bad,0,1,0,17
why are my motor skills declining,0,33,0,5.4
why are my motor skills so bad,0,9,0,5.8
why are some children non verbal,0,2,0,2
why are some children nonverbal,0,1,0,2
why are some kids late talkers,0,1,0,12
why are some toddlers late talkers,0,1,0,11
why are there so many autistic children these days,0,1,0,2
why are toddlers so difficult,0,1,0,3
why babies can't talk,0,1,0,2
why can't my 3 year old talk,0,1,0,2
why cant i change my birthday date in roblox filetype:pdf,0,1,0,25
why did my 2 year old wake up crying,0,1,0,2
why do 18 month olds bite,0,2,0,3
why do 2 year olds bite,0,2,0,2.5
why do autistic kids have speech delay,0,1,0,2
why do boys pee standing up,0,1,0,2
why do boys talk later than girls,0,1,0,3
why do children develop a stutter,0,3,0,41
why do children laugh in their sleep,0,1,0,1
why do children stammer,0,2,0,56
why do children stutter,0,2,0,48.5
why do dyslexics have poor memory,0,2,0,17.5
why do girls speak earlier than boys,0,2,0,2
why do i have a hard time comprehending things,0,2,0,2
why do i struggle to speak sometimes,0,1,0,2
why do kids go through terrible twos,0,1,0,2
why do kids have speech delays,0,1,0,3
why do kids stammer,0,3,0,46.7
why do kids start stuttering,0,1,0,92
why do kids stutter,0,2,0,51.5
why do people hit their head,0,1,0,2
why do some babies not cry,0,1,0,2
why do some children not speak,0,1,0,3
why do some kids talk later than others,0,1,0,2
why do toddlers pinch,0,1,0,2
why do toddlers put everything in their mouth,0,1,0,2
why do toddlers refuse to eat,0,1,0,2
why do toddlers throw food on the floor,0,1,0,3
why do two year olds bite,0,1,0,2
why do we have language,0,1,0,47
"why does movement and multi-sensory teaching help learners with dyslexia to recall concepts? it encourages imagination. motor memory, used in songs and movement, is the strongest memory pathway. it stimulates activity and energy.",0,1,0,3
why does my 1 year old keep headbutting things,0,1,0,3
why does my 1 year old put everything in mouth,0,1,0,3
why does my 1.5 year old cry so much,0,1,0,3
why does my 10 year old sleep so much,0,4,0,1
why does my 17 month old hit his head,0,1,0,2
why does my 17 month old scream all the time,0,1,0,2
why does my 17 month old wake up crying at night,0,1,0,3
why does my 18 month old keep waking up at night,0,2,0,2
why does my 18 month old not talk,0,25,0,4.8
why does my 18 month old scream so much,0,1,0,2
why does my 18 month old wake up screaming in the middle of the night,0,1,0,2
why does my 18 month old want to nurse all the time,0,1,0,2
why does my 19 month old scream constantly,0,1,0,2
why does my 2 year old cry so much,0,1,0,2
why does my 2 year old ignore me,0,1,0,2
why does my 2 year old keep hitting his head,0,1,0,3
why does my 2 year old keep screaming,0,1,0,2
why does my 2 year old keep touching her private area,0,1,0,2
why does my 2 year old not listen to me,0,1,0,2
why does my 2 year old not listen to me at all,0,1,0,2
why does my 2 year old push other kids,0,1,0,3
why does my 2 year old put everything in his mouth,0,1,0,2
why does my 2 year old throw everything,0,1,0,3
why does my 2 year old wake up crying,0,1,0,2
why does my 21 month old not want to eat,0,1,0,2
why does my 4 year old stutter,0,2,0,44.5
why does my child have meltdowns,0,2,0,19
why does my child stutter,0,4,0,45.2
why does my toddler hit me,0,1,0,2
why does my toddler hit me and laugh,0,1,0,3
why doesn't my 2 year old talk,0,1,0,3
why doesnt my 3 year old talk,0,3,0,2
why doesnt my baby cry,0,1,0,2
why doesnt my toddler listen to me,0,1,0,3
why girls?,0,1,0,1
why has my 2 year old stopped eating,0,1,0,3
why is 18 month old waking up at night,0,1,0,3
why is 2 year old not talking,0,1,0,2
why is autism different in boys and girls,0,1,0,1
why is autism harder to diagnose in girls,0,2,0,92
why is it a red flag,0,1,0,6
why is my 1 and a half year old not talking,0,1,0,7
why is my 1 year old not talking,0,4,0,6.8
why is my 10 year old sleeping so much,0,6,0,1
why is my 14 month old not talking,0,1,0,2
why is my 15 month old not talking,0,2,0,21
why is my 16 month old not talking,0,11,0,10.5
why is my 17 month old crying at night,0,1,0,2
why is my 17 month old not talking,0,23,0,10.3
why is my 18 month not talking,0,1,0,6
why is my 18 month old crying for no reason,0,1,0,3
why is my 18 month old crying so much,0,1,0,2
why is my 18 month old hitting me,0,1,0,2
why is my 18 month old not sleeping,0,1,0,3
why is my 18 month old not talking but babbling,0,14,0,6.9
why is my 18 month old so clingy,0,1,0,2
why is my 18 month old so clingy all of a sudden,0,1,0,2
why is my 18 month old so fussy,0,1,0,3
why is my 18 month old waking up screaming,0,1,0,2
why is my 19 month old so clingy,0,1,0,3
why is my 2 year old eating so much,0,1,0,3
why is my 2 year old not eating,0,1,0,2
why is my 2 year old not talking,0,3,0,11.7
why is my 2 year old not talking but understands everything,0,5,0,6.8
why is my 2 year old pulling her hair out,0,1,0,2
why is my 2 year old still not talking,0,1,0,2
why is my 2.5 year old not talking,0,1,0,3
why is my 20 month old not talking,0,16,0,9.3
why is my 22 month old not eating,0,1,0,2
why is my 22 month old not talking,0,2,0,2
why is my 22 month old not talking but understands everything,0,34,0,10.7
why is my 3 year old not talking,0,1,0,3
why is my 3 year old not talking but understands everything,0,1,0,3
why is my 5 year old not speaking clearly,0,1,0,1
why is my 7 year old with autism not potty trained,0,24,0,9.8
why is my baby crying so much 11 months,0,1,0,3
why is my baby hitting himself in the head,0,1,0,2
why is my baby not talking at 18 months,0,28,0,5.3
why is my child non verbal,0,2,0,2.5
why is my child not speaking yet,0,2,0,16
why is my child not talking,0,3,0,32.3
why is my child not talking at 2,0,3,0,2.3
why is my child not talking at 3,0,4,0,11.5
why is my child stuttering,0,1,0,36
why is my one year old not talking,0,5,0,8.4
why is my toddler hitting me,0,1,0,3
why is my toddler not eating,0,1,0,2
why is my toddler not talking,0,6,0,7
why is my toddler pushing other kids,0,1,0,2
why is my toddler so clingy all of a sudden,0,1,0,2
why is my tv out of sync with talking,0,1,0,2
why is my two year old not talking,0,1,0,2
why is screen time important,0,1,0,2
why is toddler hitting his head,0,1,0,3
why isn't my 1 year old talking,0,3,0,8.3
why isn't my 15 month old talking,0,2,0,32.5
why isn't my 16 month old talking,0,1,0,12
why isn't my 17 month old talking,0,7,0,6.3
why isn't my 18 month old talking,0,59,0,6.7
why isn't my 19 month old talking,0,5,0,10.2
why isn't my 2 year old talking,0,1,0,3
why isn't my 2 year old talking yet,0,4,0,11.5
why isn't my 20 month old talking,0,10,0,9.4
why kids stammer,0,2,0,42.5
why kids stutter,0,2,0,38
why might verbal memory weakness be a problem particularly with the language of english?,0,1,0,9
why motor skills matter,0,1,0,69
why my 18 month old not talking,0,72,0,6.5
why my 19 month old doesn t talk yet,0,3,0,18.3
why my 19 month old doesn't talk yet,0,26,0,9.5
why my 2 year old not talking,0,4,0,9.5
why my 2 years old baby not talking,0,1,0,1
why my 20 month old not talking,0,4,0,7.2
why my 22 month old not talking,0,1,0,2
why my child is not speaking,0,1,0,33
why should processed foods be avoided in children with speech delay,0,3,0,1
why should processed foods be avoided in children with speech delay (1 point) they lack essential vitamin c and dietary iron. they are rich in glutamate and cause a gaba deficiency they contain high amounts of gluten that block speech muscles they reduce the child's physical energy and cause sleepiness.,0,47,0,5.2
why some child speak late,0,2,0,5.5
why some toddlers talk late,0,1,0,12
why speech delay,0,1,0,3
why speech therapy is important,0,1,0,2
why they eat,0,1,0,1
why toddlers hit other kids,0,1,0,2
why won't my 18 month old sleep,0,1,0,2
why wont my 18 month old talk,0,5,0,4.2
why wont my 3 year old eat,0,1,0,2
why wont my 3 year old poop on the potty,0,1,0,2
why wont my toddler eat,0,1,0,2
why would a 2 year old not talk,0,1,0,2
why would a child be non verbal,0,1,0,2
why would a child be nonverbal,0,1,0,2
why would a child have delayed speech,0,2,0,2.5
why would a child need speech therapy,0,1,0,2
wie viele wörter mit 20 monaten,0,1,0,2
will a non verbal child ever speak,0,1,0,3
will my 2 year old ever talk,0,1,0,3
will my child ever talk,0,1,0,3
will speech therapy help my child talk,0,2,0,2.5
will stuttering go away,0,1,0,82
word final disfluency,0,1,0,59
word milestones by age,0,1,0,5
words 18 month old,0,7,0,8.7
words 18 month old should say,0,4,0,9.8
words 18 months,0,3,0,4.3
words 18 months should say,0,1,0,2
words a 16 month old should say,0,1,0,2
words a 2 year old should know,0,1,0,3
words at 1 year old,0,1,0,3
words at 12 months old,0,1,0,2
words by 18 months,0,43,0,8.7
words for 18 month old,0,7,0,5
words for 2 year old to learn,0,1,0,2
words two year old should know,0,1,0,2
working memory,0,4,0,1.8
working memory and,0,1,0,6
working memory children,0,1,0,12
working memory difficulties,0,1,0,14
working memory explained,0,1,0,3
working memory in dyslexia,0,5,0,3.4
working memory issues,0,1,0,11
working memory kids,0,3,0,11.7
working memory learning disability,0,3,0,65.7
working memory means,0,1,0,20
working memory problems,0,2,0,43.5
worksheet nervous system,0,1,0,9
writing difficulty,0,1,0,2
ye,0,1,0,8
year and a half milestones,0,1,0,2
yes explain,0,1,0,1
yes please,0,5,0,8.2
yes to all,0,1,0,3
yes what are red flags,0,1,0,5
you can't be talking,0,1,0,8
you start talking,0,1,0,11
youngest person to talk,0,1,0,1
youth expert witness,0,1,0,71
zinc autism speech,0,1,0,3
zinc for speech delay,0,2,0,11.5
zoom potty training support,0,2,0,22
åke viking and paolina age difference,0,1,0,3
γιατί;,0,1,0,1
δυσπραξια λογου,0,1,0,1
λαθος,0,1,0,3
ναι,0,2,0,2.5
οχι,0,1,0,2
а говорить,0,1,0,2
артикуляционная диспраксия это,0,1,0,2
вербал кид,0,11,0,7.9
вербал кидс,0,3,0,11.3
да,0,1,0,1
дипраксия,0,1,0,3
диспраксия речи,0,1,0,3
диспраксия симптомы,0,1,0,3
диспраксия это,0,1,0,3
когда начинают говорить дети,0,1,0,1
логопед великобритания,0,20,0,62.4
не говорит,0,1,0,3
по дням,0,1,0,1
расскажи,0,1,0,2
ребенок 18 месяцев не говорит,0,2,0,67.5
ребенок не говорит,0,2,0,6.5
ребёнок не разговаривает,0,1,0,3
речевая диспраксия,0,1,0,3
слабо,0,1,0,2
מה הסימנים לעיכוב התפתחותי שפתי ואיך אפשר לטפל? רוצה להבין מה הדגלים האדומים.,0,1,0,1
מתי לדאוג כשילד עדיין לא מדבר? קצת דואג ורוצה סימנים ברורים להתקדמות.,0,2,0,1.5
اقترح,0,1,0,8
اقل,0,1,0,6
اكله,0,1,0,4
ايه,0,1,0,5
ايه العلاج,0,1,0,5
تأخر الكلام,0,2,0,5
تأخر النطق,0,2,0,11.5
تاخر الكلام,0,2,0,6
تاخر النطق عند الاطفال,0,1,0,5
تاخر في النطق,0,1,0,7
تاخر كلام,0,1,0,6
تاخر نطق,0,2,0,2
تهمهم,0,1,0,10
ثلاث سنوات ونصف,0,1,0,4
سبع كلمات,0,1,0,5
سنة,0,1,0,1
سنتين,0,2,0,4.5
عام و نصف,0,1,0,6
عمر الطفل 8سنوات,0,1,0,5
عمر سنة ونص,0,1,0,3
لا للاسف,0,1,0,6
لا يتكلم,0,4,0,8.8
نعم,0,4,0,3.8
نعم اريد,0,1,0,6
هل هو طبيعي,0,1,0,1
هل يساعد على النطق,0,1,0,2
واي تاني,0,1,0,8
٥ سنوات,0,1,0,6
他には,0,1,0,1
小孩,0,1,0,3
記憶力が低い,0,1,0,3
